DD/MM/YYYY,latest,open,max,min,volume,% change,,,,,,,,,,,,,
30/06/2023,0.02,0.02,0.03,0.02,1.14B,0.00%,,,,,,,,,,,,,
29/06/2023,0.02,0.02,0.03,0.01,471.15M,0.00%,,,,,,,,,,,,,
28/06/2023,0.02,0.02,0.02,0.01,225.76M,0.00%,,,,,,,,,,,,,
27/06/2023,0.02,0.02,0.03,0.02,61.99M,-33.33%,,,,,,,,,,,,,
26/06/2023,0.03,0.02,0.03,0.02,162.59M,50.00%,,,,,,,,,,,,,
23/06/2023,0.02,0.02,0.03,0.02,524.19M,-33.33%,,,,,,,,,,,,,
22/06/2023,0.03,0.03,0.03,0.02,226.09M,0.00%,,,,,,,,,,,,,
21/06/2023,0.03,0.01,0.03,0.01,1.16B,0.00%,,,,,,,,,,,,,
20/06/2023,0.03,0.03,0.04,0.03,70.65M,-40.00%,,,,,,,,,,,,,
19/06/2023,0.05,0.05,0.06,0.05,71.37M,-37.50%,,,,,,,,,,,,,
16/06/2023,0.08,0.09,0.1,0.07,278.71M,-11.11%,,,,,,,,,,,,,
15/06/2023,0.09,0.1,0.11,0.09,90.41M,-10.00%,,,,,,,,,,,,,
14/06/2023,0.1,0.1,0.12,0.09,338.43M,0.00%,,,,,,,,,,,,,
13/06/2023,0.1,0.1,0.1,0.09,163.96M,0.00%,,,,,,,,,,,,,
12/06/2023,0.1,0.11,0.12,0.09,1.12B,-9.09%,,,,,,,,,,,,,
9/06/2023,0.11,0.13,0.14,0.11,1.12B,-21.43%,,,,,,,,,,,,,
8/06/2023,0.14,0.16,0.16,0.13,598.51M,-6.67%,,,,,,,,,,,,,
7/06/2023,0.15,0.18,0.2,0.15,1.11B,-16.67%,,,,,,,,,,,,,
6/06/2023,0.18,0.18,0.21,0.17,1.01B,-18.18%,,,,,,,,,,,,,
2/06/2023,0.22,0.17,0.23,0.14,2.30B,22.22%,,,,,,,,,,,,,
1/06/2023,0.18,0.25,0.34,0.13,4.90B,-92.44%,,,,,,,,,,,,,
28/02/2023,2.38,2.4,2.44,2.38,31.92M,0.00%,,,,,,,,,,,,,
27/02/2023,2.38,2.4,2.42,2.32,41.15M,-0.83%,,,,,,,,,,,,,
24/02/2023,2.4,2.44,2.48,2.36,99.73M,-3.23%,,,,,,,,,,,,,
23/02/2023,2.48,2.58,2.6,2.46,83.02M,-3.88%,,,,,,,,,,,,,
22/02/2023,2.58,2.62,2.64,2.56,41.89M,-1.53%,,,,,,,,,,,,,
21/02/2023,2.62,2.66,2.7,2.6,46.16M,-1.50%,,,,,,,,,,,,,
20/02/2023,2.66,2.6,2.74,2.58,77.04M,2.31%,,,,,,,,,,,,,
17/02/2023,2.6,2.6,2.62,2.56,45.95M,0.00%,,,,,,,,,,,,,
16/02/2023,2.6,2.6,2.64,2.56,40.14M,0.78%,,,,,,,,,,,,,
15/02/2023,2.58,2.6,2.68,2.52,115.47M,-0.77%,,,,,,,,,,,,,
14/02/2023,2.6,2.74,2.76,2.58,93.97M,-5.11%,,,,,,,,,,,,,
13/02/2023,2.74,2.78,2.84,2.72,44.90M,-1.44%,,,,,,,,,,,,,
10/02/2023,2.78,2.8,2.82,2.74,46.14M,-1.42%,,,,,,,,,,,,,
9/02/2023,2.82,2.86,2.86,2.76,93.02M,-2.08%,,,,,,,,,,,,,
8/02/2023,2.88,2.96,2.98,2.86,57.76M,-2.04%,,,,,,,,,,,,,
7/02/2023,2.94,3,3.02,2.92,57.34M,-2.00%,,,,,,,,,,,,,
6/02/2023,3,2.98,3.02,2.94,54.07M,1.35%,,,,,,,,,,,,,
3/02/2023,2.96,3.02,3.02,2.96,33.30M,-1.33%,,,,,,,,,,,,,
2/02/2023,3,3.04,3.04,3,24.08M,-1.32%,,,,,,,,,,,,,
1/02/2023,3.04,2.98,3.04,2.98,55.07M,2.01%,,,,,,,,,,,,,
31/01/2023,2.98,3,3.02,2.94,75.79M,-0.67%,,,,,,,,,,,,,
30/01/2023,3,3.02,3.08,2.98,85.27M,0.00%,,,,,,,,,,,,,
27/01/2023,3,3.06,3.08,2.94,102.52M,-1.96%,,,,,,,,,,,,,
26/01/2023,3.06,3,3.08,2.98,74.08M,2.68%,,,,,,,,,,,,,
25/01/2023,2.98,3.04,3.08,2.96,132.49M,-0.67%,,,,,,,,,,,,,
24/01/2023,3,3.08,3.1,2.94,162.48M,-1.96%,,,,,,,,,,,,,
23/01/2023,3.06,3.06,3.14,2.98,175.24M,0.66%,,,,,,,,,,,,,
20/01/2023,3.04,2.86,3.14,2.84,350.08M,7.80%,,,,,,,,,,,,,
19/01/2023,2.82,2.74,2.9,2.72,139.45M,1.44%,,,,,,,,,,,,,
18/01/2023,2.78,2.68,2.8,2.68,74.59M,3.73%,,,,,,,,,,,,,
17/01/2023,2.68,2.68,2.74,2.66,30.99M,0.00%,,,,,,,,,,,,,
16/01/2023,2.68,2.7,2.78,2.64,64.58M,0.00%,,,,,,,,,,,,,
13/01/2023,2.68,2.5,2.74,2.5,219.90M,7.20%,,,,,,,,,,,,,
12/01/2023,2.5,2.5,2.52,2.48,15.52M,0.00%,,,,,,,,,,,,,
11/01/2023,2.5,2.52,2.54,2.48,28.22M,0.00%,,,,,,,,,,,,,
10/01/2023,2.5,2.54,2.56,2.5,41.40M,-1.57%,,,,,,,,,,,,,
9/01/2023,2.54,2.52,2.56,2.52,33.37M,1.60%,,,,,,,,,,,,,
6/01/2023,2.5,2.54,2.58,2.5,66.20M,-0.79%,,,,,,,,,,,,,
5/01/2023,2.52,2.56,2.62,2.5,83.86M,-0.79%,,,,,,,,,,,,,
4/01/2023,2.54,2.44,2.56,2.44,56.22M,4.10%,,,,,,,,,,,,,
3/01/2023,2.44,2.5,2.54,2.42,73.42M,-2.40%,,,,,,,,,,,,,
30/12/2022,2.5,2.42,2.56,2.42,119.69M,4.17%,,,,,,,,,,,,,
29/12/2022,2.4,2.4,2.42,2.4,12.17M,-0.83%,,,,,,,,,,,,,
28/12/2022,2.42,2.42,2.46,2.38,43.04M,0.00%,,,,,,,,,,,,,
27/12/2022,2.42,2.38,2.44,2.38,61.93M,0.83%,,,,,,,,,,,,,
26/12/2022,2.4,2.3,2.46,2.3,107.45M,4.35%,,,,,,,,,,,,,
23/12/2022,2.3,2.3,2.32,2.24,54.81M,0.00%,,,,,,,,,,,,,
22/12/2022,2.3,2.4,2.42,2.3,191.89M,-1.71%,,,,,,,,,,,,,
21/12/2022,2.34,2.4,2.4,2.3,115.38M,0.00%,,,,,,,,,,,,,
20/12/2022,2.34,2.36,2.4,2.16,339.43M,2.63%,,,,,,,,,,,,,
19/12/2022,2.28,2.48,2.56,2.28,290.78M,-8.06%,,,,,,,,,,,,,
16/12/2022,2.48,2.64,2.7,2.26,591.02M,-9.49%,,,,,,,,,,,,,
15/12/2022,2.74,3,3,2.74,122.12M,-8.67%,,,,,,,,,,,,,
14/12/2022,3,3.22,3.26,2.96,214.84M,-6.83%,,,,,,,,,,,,,
13/12/2022,3.22,3.26,3.28,3.16,43.08M,-1.23%,,,,,,,,,,,,,
9/12/2022,3.26,3.32,3.32,3.26,25.67M,-1.81%,,,,,,,,,,,,,
8/12/2022,3.32,3.34,3.38,3.3,26.43M,0.00%,,,,,,,,,,,,,
7/12/2022,3.32,3.3,3.36,3.3,38.38M,0.61%,,,,,,,,,,,,,
6/12/2022,3.3,3.28,3.34,3.28,31.44M,0.61%,,,,,,,,,,,,,
2/12/2022,3.28,3.28,3.34,3.26,32.82M,0.61%,,,,,,,,,,,,,
1/12/2022,3.26,3.26,3.3,3.22,60.07M,0.62%,,,,,,,,,,,,,
30/11/2022,3.24,3.22,3.26,3.18,21.55M,1.25%,,,,,,,,,,,,,
29/11/2022,3.2,3.24,3.28,3.2,22.83M,-0.62%,,,,,,,,,,,,,
28/11/2022,3.22,3.26,3.3,3.18,22.47M,-1.83%,,,,,,,,,,,,,
25/11/2022,3.28,3.24,3.32,3.24,17.69M,1.23%,,,,,,,,,,,,,
24/11/2022,3.24,3.28,3.32,3.2,33.92M,-1.22%,,,,,,,,,,,,,
23/11/2022,3.28,3.28,3.3,3.24,22.76M,0.61%,,,,,,,,,,,,,
22/11/2022,3.26,3.28,3.3,3.24,19.22M,-0.61%,,,,,,,,,,,,,
21/11/2022,3.28,3.18,3.34,3.18,81.29M,3.80%,,,,,,,,,,,,,
18/11/2022,3.16,3.28,3.28,3.16,45.13M,-3.66%,,,,,,,,,,,,,
17/11/2022,3.28,3.3,3.32,3.26,9.22M,-0.61%,,,,,,,,,,,,,
16/11/2022,3.3,3.36,3.4,3.28,26.28M,-1.79%,,,,,,,,,,,,,
15/11/2022,3.36,3.38,3.4,3.34,26.74M,0.60%,,,,,,,,,,,,,
14/11/2022,3.34,3.32,3.38,3.32,18.17M,-1.76%,,,,,,,,,,,,,
11/11/2022,3.4,3.44,3.44,3.38,21.96M,0.00%,,,,,,,,,,,,,
10/11/2022,3.4,3.3,3.42,3.28,42.74M,3.03%,,,,,,,,,,,,,
9/11/2022,3.3,3.28,3.32,3.28,17.59M,1.23%,,,,,,,,,,,,,
8/11/2022,3.26,3.32,3.36,3.26,19.34M,-1.81%,,,,,,,,,,,,,
7/11/2022,3.32,3.42,3.42,3.3,25.13M,-2.92%,,,,,,,,,,,,,
4/11/2022,3.42,3.44,3.48,3.38,57.97M,0.00%,,,,,,,,,,,,,
3/11/2022,3.42,3.2,3.44,3.18,132.90M,7.55%,,,,,,,,,,,,,
2/11/2022,3.18,3.2,3.22,3.18,27.13M,-0.62%,,,,,,,,,,,,,
1/11/2022,3.2,3.22,3.24,3.18,34.22M,0.00%,,,,,,,,,,,,,
31/10/2022,3.2,3.22,3.26,3.16,48.76M,0.00%,,,,,,,,,,,,,
28/10/2022,3.2,3.3,3.34,3.18,59.87M,-1.23%,,,,,,,,,,,,,
27/10/2022,3.24,3.34,3.34,3.2,66.83M,-2.41%,,,,,,,,,,,,,
26/10/2022,3.32,3.4,3.4,3.32,18.22M,-1.78%,,,,,,,,,,,,,
25/10/2022,3.38,3.3,3.4,3.24,67.78M,3.68%,,,,,,,,,,,,,
21/10/2022,3.26,3.52,3.54,3.22,151.42M,-6.86%,,,,,,,,,,,,,
20/10/2022,3.5,3.62,3.62,3.5,72.02M,-3.31%,,,,,,,,,,,,,
19/10/2022,3.62,3.62,3.66,3.6,31.57M,0.56%,,,,,,,,,,,,,
18/10/2022,3.6,3.72,3.74,3.6,151.87M,-2.17%,,,,,,,,,,,,,
17/10/2022,3.68,3.78,3.8,3.68,50.68M,-2.13%,,,,,,,,,,,,,
12/10/2022,3.76,3.78,3.92,3.68,95.69M,0.00%,,,,,,,,,,,,,
11/10/2022,3.76,3.7,3.82,3.66,55.73M,2.73%,,,,,,,,,,,,,
10/10/2022,3.66,3.64,3.78,3.6,39.78M,-0.54%,,,,,,,,,,,,,
7/10/2022,3.68,3.7,3.7,3.66,17.55M,-1.08%,,,,,,,,,,,,,
6/10/2022,3.72,3.8,3.8,3.72,17.25M,-1.59%,,,,,,,,,,,,,
5/10/2022,3.78,3.84,3.86,3.74,31.89M,0.00%,,,,,,,,,,,,,
4/10/2022,3.78,3.96,3.98,3.76,106.69M,-5.50%,,,,,,,,,,,,,
3/10/2022,4,4.06,4.06,3.94,53.68M,-1.96%,,,,,,,,,,,,,
30/09/2022,4.08,3.96,4.08,3.92,59.38M,3.03%,,,,,,,,,,,,,
29/09/2022,3.96,3.9,4.04,3.86,62.87M,3.66%,,,,,,,,,,,,,
28/09/2022,3.82,4,4,3.8,36.52M,-4.50%,,,,,,,,,,,,,
27/09/2022,4,4.04,4.06,3.98,21.07M,0.50%,,,,,,,,,,,,,
26/09/2022,3.98,4.06,4.06,3.96,20.27M,-2.45%,,,,,,,,,,,,,
23/09/2022,4.08,4.1,4.1,4.04,9.91M,-0.49%,,,,,,,,,,,,,
22/09/2022,4.1,4.04,4.14,4.04,10.02M,1.49%,,,,,,,,,,,,,
21/09/2022,4.04,4.06,4.08,4.04,4.08M,-0.49%,,,,,,,,,,,,,
20/09/2022,4.06,4.08,4.1,4.06,3.15M,0.50%,,,,,,,,,,,,,
19/09/2022,4.04,4.1,4.12,4.04,14.07M,-1.46%,,,,,,,,,,,,,
16/09/2022,4.1,4.12,4.14,4.08,8.50M,-1.44%,,,,,,,,,,,,,
15/09/2022,4.16,4.12,4.16,4.08,9.92M,0.97%,,,,,,,,,,,,,
14/09/2022,4.12,4.1,4.14,4.08,12.47M,-0.96%,,,,,,,,,,,,,
13/09/2022,4.16,4.22,4.22,4.12,18.87M,-1.42%,,,,,,,,,,,,,
12/09/2022,4.22,4.16,4.28,4.14,39.51M,1.93%,,,,,,,,,,,,,
9/09/2022,4.14,4.12,4.16,4.1,11.26M,0.49%,,,,,,,,,,,,,
8/09/2022,4.12,4.12,4.16,4.1,21.13M,0.98%,,,,,,,,,,,,,
7/09/2022,4.08,4.08,4.1,4.08,4.36M,-0.49%,,,,,,,,,,,,,
6/09/2022,4.1,4.08,4.12,4.08,4.48M,0.49%,,,,,,,,,,,,,
5/09/2022,4.08,4.06,4.12,4.06,3.73M,0.00%,,,,,,,,,,,,,
2/09/2022,4.08,4.08,4.12,4.06,9.21M,0.00%,,,,,,,,,,,,,
1/09/2022,4.08,4.14,4.18,4.08,20.36M,-2.39%,,,,,,,,,,,,,
31/08/2022,4.18,4.08,4.18,4.06,31.17M,2.45%,,,,,,,,,,,,,
30/08/2022,4.08,4.06,4.14,4.06,24.00M,0.00%,,,,,,,,,,,,,
29/08/2022,4.08,4.02,4.1,4,28.25M,0.99%,,,,,,,,,,,,,
26/08/2022,4.04,4.08,4.1,4.02,20.36M,-1.46%,,,,,,,,,,,,,
25/08/2022,4.1,4.12,4.18,4.1,11.65M,-0.49%,,,,,,,,,,,,,
24/08/2022,4.12,4.08,4.18,4.06,30.76M,1.98%,,,,,,,,,,,,,
23/08/2022,4.04,4,4.06,3.96,43.54M,1.00%,,,,,,,,,,,,,
22/08/2022,4,4.08,4.1,3.98,37.55M,-2.44%,,,,,,,,,,,,,
19/08/2022,4.1,4.16,4.18,4.06,33.89M,-1.44%,,,,,,,,,,,,,
18/08/2022,4.16,4.2,4.28,4.14,40.60M,-0.48%,,,,,,,,,,,,,
17/08/2022,4.18,4.22,4.24,4.16,16.65M,-0.48%,,,,,,,,,,,,,
16/08/2022,4.2,4.28,4.32,4.2,10.70M,-1.41%,,,,,,,,,,,,,
15/08/2022,4.26,4.3,4.34,4.26,9.51M,-0.93%,,,,,,,,,,,,,
11/08/2022,4.3,4.32,4.36,4.28,6.51M,0.00%,,,,,,,,,,,,,
10/08/2022,4.3,4.32,4.4,4.28,10.83M,-0.92%,,,,,,,,,,,,,
9/08/2022,4.34,4.34,4.44,4.32,15.52M,0.00%,,,,,,,,,,,,,
8/08/2022,4.34,4.26,4.36,4.24,9.61M,1.88%,,,,,,,,,,,,,
5/08/2022,4.26,4.34,4.4,4.24,15.13M,-1.84%,,,,,,,,,,,,,
4/08/2022,4.34,4.38,4.4,4.34,6.01M,-0.46%,,,,,,,,,,,,,
3/08/2022,4.36,4.38,4.44,4.34,7.33M,-0.91%,,,,,,,,,,,,,
2/08/2022,4.4,4.4,4.44,4.32,19.13M,-1.79%,,,,,,,,,,,,,
1/08/2022,4.48,4.36,4.52,4.32,64.88M,3.70%,,,,,,,,,,,,,
27/07/2022,4.32,4.36,4.38,4.3,11.96M,0.00%,,,,,,,,,,,,,
26/07/2022,4.32,4.34,4.4,4.28,16.23M,0.93%,,,,,,,,,,,,,
25/07/2022,4.28,4.18,4.3,4.18,9.92M,1.90%,,,,,,,,,,,,,
22/07/2022,4.2,4.18,4.22,4.14,6.24M,0.48%,,,,,,,,,,,,,
21/07/2022,4.18,4.14,4.2,4.1,7.28M,1.46%,,,,,,,,,,,,,
20/07/2022,4.12,4.18,4.2,4.1,12.48M,-0.96%,,,,,,,,,,,,,
19/07/2022,4.16,4.16,4.18,4.1,5.39M,-0.95%,,,,,,,,,,,,,
18/07/2022,4.2,4.02,4.2,4,14.48M,5.00%,,,,,,,,,,,,,
15/07/2022,4,4.12,4.14,3.9,27.70M,-2.44%,,,,,,,,,,,,,
14/07/2022,4.1,4.08,4.18,4.08,8.77M,0.49%,,,,,,,,,,,,,
12/07/2022,4.08,4.14,4.2,4.08,11.60M,-1.92%,,,,,,,,,,,,,
11/07/2022,4.16,4.14,4.18,4.1,3.31M,0.00%,,,,,,,,,,,,,
8/07/2022,4.16,4.22,4.22,4.16,4.83M,-1.42%,,,,,,,,,,,,,
7/07/2022,4.22,4.22,4.24,4.16,6.37M,0.48%,,,,,,,,,,,,,
6/07/2022,4.2,4.08,4.2,4.06,9.30M,2.44%,,,,,,,,,,,,,
5/07/2022,4.1,4.2,4.22,4.08,29.80M,-2.38%,,,,,,,,,,,,,
4/07/2022,4.2,4.26,4.28,4.18,13.26M,-1.41%,,,,,,,,,,,,,
1/07/2022,4.26,4.32,4.34,4.24,9.51M,-1.39%,,,,,,,,,,,,,
30/06/2022,4.32,4.34,4.36,4.28,10.94M,-0.46%,,,,,,,,,,,,,
29/06/2022,4.34,4.38,4.38,4.32,8.79M,-0.91%,,,,,,,,,,,,,
28/06/2022,4.38,4.4,4.42,4.34,6.16M,-0.45%,,,,,,,,,,,,,
27/06/2022,4.4,4.34,4.42,4.34,14.75M,1.85%,,,,,,,,,,,,,
24/06/2022,4.32,4.34,4.36,4.28,8.95M,0.47%,,,,,,,,,,,,,
23/06/2022,4.3,4.32,4.36,4.28,8.97M,0.00%,,,,,,,,,,,,,
22/06/2022,4.3,4.42,4.42,4.26,15.38M,-2.71%,,,,,,,,,,,,,
21/06/2022,4.42,4.34,4.46,4.32,23.14M,1.84%,,,,,,,,,,,,,
20/06/2022,4.34,4.44,4.44,4.32,9.36M,-2.69%,,,,,,,,,,,,,
17/06/2022,4.46,4.4,4.46,4.34,16.90M,1.83%,,,,,,,,,,,,,
16/06/2022,4.38,4.56,4.56,4.38,27.05M,-3.10%,,,,,,,,,,,,,
15/06/2022,4.52,4.54,4.58,4.48,11.96M,0.00%,,,,,,,,,,,,,
14/06/2022,4.52,4.56,4.58,4.5,7.71M,-0.44%,,,,,,,,,,,,,
13/06/2022,4.54,4.58,4.64,4.54,26.53M,-2.58%,,,,,,,,,,,,,
10/06/2022,4.66,4.7,4.78,4.66,16.22M,-0.85%,,,,,,,,,,,,,
9/06/2022,4.7,4.82,4.84,4.7,27.82M,-2.08%,,,,,,,,,,,,,
8/06/2022,4.8,4.84,4.86,4.8,13.41M,-0.41%,,,,,,,,,,,,,
7/06/2022,4.82,4.88,4.88,4.8,14.49M,-1.63%,,,,,,,,,,,,,
6/06/2022,4.9,4.86,4.92,4.82,25.01M,1.66%,,,,,,,,,,,,,
2/06/2022,4.82,4.9,4.92,4.8,23.87M,-1.63%,,,,,,,,,,,,,
1/06/2022,4.9,4.94,4.96,4.9,35.84M,-1.21%,,,,,,,,,,,,,
31/05/2022,4.96,4.92,5.05,4.92,103.03M,1.22%,,,,,,,,,,,,,
30/05/2022,4.9,4.9,4.98,4.9,30.34M,0.00%,,,,,,,,,,,,,
27/05/2022,4.9,5.05,5.1,4.88,61.80M,-2.97%,,,,,,,,,,,,,
26/05/2022,5.05,4.88,5.05,4.84,136.83M,4.34%,,,,,,,,,,,,,
25/05/2022,4.84,4.96,5.1,4.82,95.68M,-0.41%,,,,,,,,,,,,,
24/05/2022,4.86,4.88,4.92,4.8,48.55M,0.83%,,,,,,,,,,,,,
23/05/2022,4.82,4.76,4.98,4.72,108.93M,2.55%,,,,,,,,,,,,,
20/05/2022,4.7,4.42,4.76,4.4,122.67M,8.80%,,,,,,,,,,,,,
19/05/2022,4.32,4.2,4.36,4.2,25.76M,0.00%,,,,,,,,,,,,,
18/05/2022,4.32,4.22,4.34,4.2,30.39M,3.35%,,,,,,,,,,,,,
17/05/2022,4.18,4.1,4.22,4.08,38.92M,2.45%,,,,,,,,,,,,,
13/05/2022,4.08,4.58,4.6,4.04,168.85M,-10.53%,,,,,,,,,,,,,
12/05/2022,4.56,4.56,4.62,4.5,30.23M,-0.44%,,,,,,,,,,,,,
11/05/2022,4.58,4.62,4.64,4.56,5.18M,-0.87%,,,,,,,,,,,,,
10/05/2022,4.62,4.6,4.66,4.54,22.73M,0.00%,,,,,,,,,,,,,
9/05/2022,4.62,4.68,4.74,4.6,17.30M,-1.70%,,,,,,,,,,,,,
6/05/2022,4.7,4.62,4.7,4.56,34.32M,0.00%,,,,,,,,,,,,,
5/05/2022,4.7,4.68,4.74,4.62,24.61M,1.29%,,,,,,,,,,,,,
3/05/2022,4.64,4.68,4.68,4.62,16.15M,-1.28%,,,,,,,,,,,,,
29/04/2022,4.7,4.68,4.76,4.64,46.11M,0.43%,,,,,,,,,,,,,
28/04/2022,4.68,4.56,4.7,4.54,27.81M,2.18%,,,,,,,,,,,,,
27/04/2022,4.58,4.56,4.58,4.5,17.47M,0.88%,,,,,,,,,,,,,
26/04/2022,4.54,4.6,4.64,4.54,10.88M,-1.30%,,,,,,,,,,,,,
25/04/2022,4.6,4.54,4.62,4.52,8.85M,0.00%,,,,,,,,,,,,,
22/04/2022,4.6,4.56,4.66,4.56,8.28M,0.88%,,,,,,,,,,,,,
21/04/2022,4.56,4.6,4.64,4.54,6.22M,-0.44%,,,,,,,,,,,,,
20/04/2022,4.58,4.66,4.7,4.56,22.05M,-0.87%,,,,,,,,,,,,,
19/04/2022,4.62,4.54,4.66,4.52,18.75M,2.21%,,,,,,,,,,,,,
18/04/2022,4.52,4.42,4.54,4.42,22.79M,1.80%,,,,,,,,,,,,,
12/04/2022,4.44,4.4,4.5,4.4,20.96M,0.91%,,,,,,,,,,,,,
11/04/2022,4.4,4.5,4.5,4.38,12.72M,-2.22%,,,,,,,,,,,,,
8/04/2022,4.5,4.48,4.52,4.46,8.83M,0.90%,,,,,,,,,,,,,
7/04/2022,4.46,4.58,4.62,4.44,22.89M,-2.62%,,,,,,,,,,,,,
5/04/2022,4.58,4.6,4.7,4.58,21.09M,-0.43%,,,,,,,,,,,,,
4/04/2022,4.6,4.7,4.72,4.58,12.10M,-1.29%,,,,,,,,,,,,,
1/04/2022,4.66,4.68,4.7,4.64,15.59M,-0.85%,,,,,,,,,,,,,
31/03/2022,4.7,4.72,4.74,4.68,12.25M,-0.42%,,,,,,,,,,,,,
30/03/2022,4.72,4.72,4.74,4.68,12.35M,0.00%,,,,,,,,,,,,,
29/03/2022,4.72,4.66,4.74,4.64,32.53M,1.72%,,,,,,,,,,,,,
28/03/2022,4.64,4.6,4.64,4.56,13.73M,0.43%,,,,,,,,,,,,,
25/03/2022,4.62,4.72,4.76,4.62,29.58M,-2.12%,,,,,,,,,,,,,
24/03/2022,4.72,4.68,4.72,4.66,15.01M,0.00%,,,,,,,,,,,,,
23/03/2022,4.72,4.68,4.78,4.66,64.97M,1.72%,,,,,,,,,,,,,
22/03/2022,4.64,4.62,4.66,4.58,28.85M,0.43%,,,,,,,,,,,,,
21/03/2022,4.62,4.56,4.68,4.52,35.23M,1.32%,,,,,,,,,,,,,
18/03/2022,4.56,4.44,4.58,4.44,25.70M,2.70%,,,,,,,,,,,,,
17/03/2022,4.44,4.42,4.48,4.4,13.63M,0.45%,,,,,,,,,,,,,
16/03/2022,4.42,4.42,4.46,4.4,9.28M,1.38%,,,,,,,,,,,,,
15/03/2022,4.36,4.38,4.46,4.36,11.13M,0.00%,,,,,,,,,,,,,
14/03/2022,4.36,4.46,4.5,4.36,20.02M,-2.24%,,,,,,,,,,,,,
11/03/2022,4.46,4.42,4.56,4.42,24.22M,0.00%,,,,,,,,,,,,,
10/03/2022,4.46,4.54,4.62,4.46,23.61M,-1.76%,,,,,,,,,,,,,
9/03/2022,4.54,4.42,4.54,4.36,30.57M,3.65%,,,,,,,,,,,,,
8/03/2022,4.38,4.34,4.42,4.24,27.76M,0.00%,,,,,,,,,,,,,
7/03/2022,4.38,4.48,4.48,4.34,22.02M,-2.67%,,,,,,,,,,,,,
4/03/2022,4.5,4.56,4.62,4.5,20.81M,-2.17%,,,,,,,,,,,,,
3/03/2022,4.6,4.58,4.64,4.54,24.42M,0.44%,,,,,,,,,,,,,
2/03/2022,4.58,4.6,4.7,4.58,29.76M,-0.43%,,,,,,,,,,,,,
1/03/2022,4.6,4.68,4.7,4.6,30.86M,-1.71%,,,,,,,,,,,,,
28/02/2022,4.68,4.6,4.7,4.52,58.44M,1.74%,,,,,,,,,,,,,
25/02/2022,4.6,4.52,4.66,4.42,83.67M,2.68%,,,,,,,,,,,,,
24/02/2022,4.48,4.44,4.52,4.32,156.94M,4.19%,,,,,,,,,,,,,
23/02/2022,4.3,4.26,4.32,4.22,17.03M,1.42%,,,,,,,,,,,,,
22/02/2022,4.24,4.28,4.3,4.2,21.98M,-0.93%,,,,,,,,,,,,,
21/02/2022,4.28,4.32,4.36,4.28,10.83M,-0.93%,,,,,,,,,,,,,
18/02/2022,4.32,4.36,4.38,4.3,25.25M,-0.92%,,,,,,,,,,,,,
17/02/2022,4.36,4.38,4.42,4.32,29.29M,0.93%,,,,,,,,,,,,,
15/02/2022,4.32,4.26,4.36,4.26,25.18M,1.89%,,,,,,,,,,,,,
14/02/2022,4.24,4.3,4.3,4.22,17.27M,-1.85%,,,,,,,,,,,,,
11/02/2022,4.32,4.34,4.36,4.3,9.55M,-0.46%,,,,,,,,,,,,,
10/02/2022,4.34,4.36,4.38,4.3,20.74M,0.00%,,,,,,,,,,,,,
9/02/2022,4.34,4.42,4.44,4.32,27.33M,-1.81%,,,,,,,,,,,,,
8/02/2022,4.42,4.42,4.44,4.4,13.00M,0.45%,,,,,,,,,,,,,
7/02/2022,4.4,4.44,4.44,4.38,46.61M,-0.45%,,,,,,,,,,,,,
4/02/2022,4.42,4.52,4.52,4.42,34.60M,-2.21%,,,,,,,,,,,,,
3/02/2022,4.52,4.56,4.58,4.5,16.00M,-0.44%,,,,,,,,,,,,,
2/02/2022,4.54,4.5,4.58,4.5,22.61M,0.89%,,,,,,,,,,,,,
1/02/2022,4.5,4.52,4.52,4.46,15.40M,-0.44%,,,,,,,,,,,,,
31/01/2022,4.52,4.46,4.56,4.46,21.12M,1.35%,,,,,,,,,,,,,
28/01/2022,4.46,4.42,4.5,4.4,21.54M,1.36%,,,,,,,,,,,,,
27/01/2022,4.4,4.44,4.5,4.4,24.52M,-1.79%,,,,,,,,,,,,,
26/01/2022,4.48,4.44,4.52,4.42,18.89M,0.90%,,,,,,,,,,,,,
25/01/2022,4.44,4.5,4.54,4.42,28.33M,-0.89%,,,,,,,,,,,,,
24/01/2022,4.48,4.54,4.56,4.48,10.90M,-2.18%,,,,,,,,,,,,,
21/01/2022,4.58,4.48,4.58,4.36,100.39M,1.78%,,,,,,,,,,,,,
20/01/2022,4.5,4.54,4.6,4.48,23.43M,-0.88%,,,,,,,,,,,,,
19/01/2022,4.54,4.54,4.58,4.5,26.26M,0.44%,,,,,,,,,,,,,
18/01/2022,4.52,4.54,4.6,4.48,59.76M,0.00%,,,,,,,,,,,,,
17/01/2022,4.52,4.52,4.6,4.5,38.14M,0.00%,,,,,,,,,,,,,
14/01/2022,4.52,4.52,4.6,4.5,61.93M,0.00%,,,,,,,,,,,,,
13/01/2022,4.52,4.52,4.54,4.48,35.71M,0.00%,,,,,,,,,,,,,
12/01/2022,4.52,4.64,4.64,4.48,110.11M,-2.16%,,,,,,,,,,,,,
11/01/2022,4.62,4.6,4.64,4.6,17.11M,0.00%,,,,,,,,,,,,,
10/01/2022,4.62,4.66,4.68,4.6,33.18M,-0.43%,,,,,,,,,,,,,
7/01/2022,4.64,4.62,4.68,4.6,83.02M,1.31%,,,,,,,,,,,,,
6/01/2022,4.58,4.56,4.64,4.52,67.53M,0.88%,,,,,,,,,,,,,
5/01/2022,4.54,4.62,4.66,4.52,78.52M,-1.73%,,,,,,,,,,,,,
4/01/2022,4.62,4.74,4.78,4.6,65.63M,-2.53%,,,,,,,,,,,,,
30/12/2021,4.74,4.76,4.76,4.7,46.00M,-0.42%,,,,,,,,,,,,,
29/12/2021,4.76,4.78,4.78,4.72,46.48M,-0.83%,,,,,,,,,,,,,
28/12/2021,4.8,4.78,4.8,4.76,37.34M,0.42%,,,,,,,,,,,,,
27/12/2021,4.78,4.9,4.9,4.78,42.28M,-2.85%,,,,,,,,,,,,,
24/12/2021,4.92,4.8,4.94,4.7,111.57M,2.50%,,,,,,,,,,,,,
23/12/2021,4.8,4.88,4.9,4.78,60.42M,-1.64%,,,,,,,,,,,,,
22/12/2021,4.88,4.88,5.05,4.8,118.40M,0.41%,,,,,,,,,,,,,
21/12/2021,4.86,4.9,4.9,4.82,18.77M,-0.41%,,,,,,,,,,,,,
20/12/2021,4.88,4.78,4.92,4.78,47.62M,2.09%,,,,,,,,,,,,,
17/12/2021,4.78,4.88,4.88,4.72,75.56M,-2.05%,,,,,,,,,,,,,
16/12/2021,4.88,4.9,4.92,4.86,20.62M,-0.41%,,,,,,,,,,,,,
15/12/2021,4.9,4.94,4.94,4.84,18.42M,-0.81%,,,,,,,,,,,,,
14/12/2021,4.94,4.9,4.96,4.88,15.03M,0.41%,,,,,,,,,,,,,
13/12/2021,4.92,4.96,4.98,4.92,18.64M,-0.40%,,,,,,,,,,,,,
9/12/2021,4.94,4.94,4.94,4.88,15.35M,0.00%,,,,,,,,,,,,,
8/12/2021,4.94,4.94,5.05,4.9,29.02M,0.41%,,,,,,,,,,,,,
7/12/2021,4.92,5,5.05,4.76,54.13M,-1.20%,,,,,,,,,,,,,
3/12/2021,4.98,5.05,5.15,4.98,25.33M,-2.35%,,,,,,,,,,,,,
2/12/2021,5.1,5,5.1,4.96,35.84M,0.99%,,,,,,,,,,,,,
1/12/2021,5.05,4.74,5.05,4.72,98.90M,6.99%,,,,,,,,,,,,,
30/11/2021,4.72,4.78,4.82,4.66,63.07M,0.00%,,,,,,,,,,,,,
29/11/2021,4.72,4.86,4.96,4.66,69.22M,-3.67%,,,,,,,,,,,,,
26/11/2021,4.9,4.88,5.05,4.88,127.95M,0.00%,,,,,,,,,,,,,
25/11/2021,4.9,4.78,4.9,4.76,51.86M,2.94%,,,,,,,,,,,,,
24/11/2021,4.76,4.82,4.84,4.74,22.20M,-0.83%,,,,,,,,,,,,,
23/11/2021,4.8,4.82,4.88,4.76,32.14M,0.00%,,,,,,,,,,,,,
22/11/2021,4.8,4.78,4.8,4.68,30.10M,0.00%,,,,,,,,,,,,,
19/11/2021,4.8,4.74,4.84,4.72,64.29M,0.84%,,,,,,,,,,,,,
18/11/2021,4.76,4.68,4.76,4.68,49.18M,0.42%,,,,,,,,,,,,,
17/11/2021,4.74,4.7,4.78,4.68,41.28M,1.28%,,,,,,,,,,,,,
16/11/2021,4.68,4.74,4.74,4.64,19.09M,0.00%,,,,,,,,,,,,,
15/11/2021,4.68,4.76,4.84,4.6,47.97M,-0.85%,,,,,,,,,,,,,
12/11/2021,4.72,4.64,4.76,4.64,133.61M,3.51%,,,,,,,,,,,,,
11/11/2021,4.56,4.62,4.66,4.52,37.18M,-1.72%,,,,,,,,,,,,,
10/11/2021,4.64,4.54,4.68,4.52,93.92M,2.65%,,,,,,,,,,,,,
9/11/2021,4.52,4.46,4.52,4.44,34.91M,1.35%,,,,,,,,,,,,,
8/11/2021,4.46,4.44,4.5,4.44,37.16M,0.00%,,,,,,,,,,,,,
5/11/2021,4.46,4.36,4.46,4.36,32.52M,1.83%,,,,,,,,,,,,,
4/11/2021,4.38,4.3,4.38,4.3,9.49M,1.86%,,,,,,,,,,,,,
3/11/2021,4.3,4.36,4.38,4.26,33.37M,-0.92%,,,,,,,,,,,,,
2/11/2021,4.34,4.4,4.42,4.34,25.75M,-0.91%,,,,,,,,,,,,,
1/11/2021,4.38,4.4,4.42,4.38,13.06M,-0.45%,,,,,,,,,,,,,
29/10/2021,4.4,4.38,4.42,4.36,27.47M,1.38%,,,,,,,,,,,,,
28/10/2021,4.34,4.24,4.4,4.24,53.92M,2.36%,,,,,,,,,,,,,
27/10/2021,4.24,4.28,4.32,4.24,27.91M,-0.47%,,,,,,,,,,,,,
26/10/2021,4.26,4.4,4.42,4.22,64.31M,-2.74%,,,,,,,,,,,,,
25/10/2021,4.38,4.4,4.44,4.36,44.24M,-1.79%,,,,,,,,,,,,,
21/10/2021,4.46,4.42,4.5,4.38,53.78M,1.36%,,,,,,,,,,,,,
20/10/2021,4.4,4.4,4.48,4.4,48.08M,0.46%,,,,,,,,,,,,,
19/10/2021,4.38,4.5,4.5,4.38,92.71M,-2.67%,,,,,,,,,,,,,
18/10/2021,4.5,4.48,4.54,4.46,51.62M,0.90%,,,,,,,,,,,,,
15/10/2021,4.46,4.54,4.6,4.46,61.53M,-1.33%,,,,,,,,,,,,,
14/10/2021,4.52,4.7,4.7,4.46,199.25M,-4.24%,,,,,,,,,,,,,
12/10/2021,4.72,4.54,4.74,4.42,276.44M,3.96%,,,,,,,,,,,,,
11/10/2021,4.54,5.3,5.3,4.36,883.86M,-14.34%,,,,,,,,,,,,,
8/10/2021,5.3,5.3,5.45,5.2,110.13M,0.95%,,,,,,,,,,,,,
7/10/2021,5.25,5.15,5.35,5.1,106.45M,2.94%,,,,,,,,,,,,,
6/10/2021,5.1,5.05,5.3,5.05,114.32M,2.00%,,,,,,,,,,,,,
5/10/2021,5,5,5.05,4.98,56.02M,0.00%,,,,,,,,,,,,,
4/10/2021,5,5,5.15,4.98,90.70M,0.81%,,,,,,,,,,,,,
1/10/2021,4.96,4.98,5.05,4.9,75.28M,-0.80%,,,,,,,,,,,,,
30/09/2021,5,4.92,5.05,4.88,128.52M,1.63%,,,,,,,,,,,,,
29/09/2021,4.92,4.92,5.05,4.86,108.14M,-0.81%,,,,,,,,,,,,,
28/09/2021,4.96,4.82,5.05,4.82,179.31M,2.90%,,,,,,,,,,,,,
27/09/2021,4.82,4.66,4.96,4.62,215.47M,3.43%,,,,,,,,,,,,,
23/09/2021,4.66,4.64,4.72,4.56,86.71M,0.43%,,,,,,,,,,,,,
22/09/2021,4.64,4.42,4.7,4.42,186.60M,4.50%,,,,,,,,,,,,,
21/09/2021,4.44,4.38,4.46,4.36,28.55M,1.37%,,,,,,,,,,,,,
20/09/2021,4.38,4.34,4.42,4.34,25.47M,0.00%,,,,,,,,,,,,,
17/09/2021,4.38,4.5,4.5,4.34,190.28M,-2.23%,,,,,,,,,,,,,
16/09/2021,4.48,4.54,4.58,4.44,135.31M,-2.61%,,,,,,,,,,,,,
15/09/2021,4.6,4.32,4.6,4.32,230.63M,6.48%,,,,,,,,,,,,,
14/09/2021,4.32,4.36,4.38,4.32,48.65M,-0.46%,,,,,,,,,,,,,
13/09/2021,4.34,4.3,4.44,4.3,139.44M,1.40%,,,,,,,,,,,,,
10/09/2021,4.28,4.32,4.32,4.28,12.50M,-0.47%,,,,,,,,,,,,,
9/09/2021,4.3,4.32,4.34,4.28,18.23M,0.00%,,,,,,,,,,,,,
8/09/2021,4.3,4.26,4.32,4.24,19.38M,1.42%,,,,,,,,,,,,,
7/09/2021,4.24,4.32,4.32,4.24,20.62M,-1.40%,,,,,,,,,,,,,
6/09/2021,4.3,4.3,4.36,4.28,19.52M,0.00%,,,,,,,,,,,,,
3/09/2021,4.3,4.32,4.34,4.28,51.09M,0.00%,,,,,,,,,,,,,
2/09/2021,4.3,4.32,4.32,4.3,9.74M,0.00%,,,,,,,,,,,,,
1/09/2021,4.3,4.34,4.34,4.3,13.34M,-0.46%,,,,,,,,,,,,,
31/08/2021,4.32,4.36,4.38,4.32,37.91M,-1.37%,,,,,,,,,,,,,
30/08/2021,4.38,4.3,4.42,4.28,40.80M,1.86%,,,,,,,,,,,,,
27/08/2021,4.3,4.32,4.34,4.3,18.43M,-0.46%,,,,,,,,,,,,,
26/08/2021,4.32,4.34,4.38,4.32,15.19M,-0.46%,,,,,,,,,,,,,
25/08/2021,4.34,4.3,4.36,4.3,26.40M,0.93%,,,,,,,,,,,,,
24/08/2021,4.3,4.34,4.34,4.28,40.01M,-0.92%,,,,,,,,,,,,,
23/08/2021,4.34,4.46,4.46,4.26,89.19M,-0.91%,,,,,,,,,,,,,
20/08/2021,4.38,4.38,4.42,4.38,13.84M,0.00%,,,,,,,,,,,,,
19/08/2021,4.38,4.4,4.42,4.36,48.09M,-1.79%,,,,,,,,,,,,,
18/08/2021,4.46,4.38,4.46,4.32,77.49M,1.83%,,,,,,,,,,,,,
17/08/2021,4.38,4.24,4.38,4.24,70.94M,3.79%,,,,,,,,,,,,,
16/08/2021,4.22,4.32,4.32,4.1,64.50M,-3.21%,,,,,,,,,,,,,
13/08/2021,4.36,4.34,4.36,4.3,39.08M,0.93%,,,,,,,,,,,,,
11/08/2021,4.32,4.38,4.4,4.3,28.27M,-1.37%,,,,,,,,,,,,,
10/08/2021,4.38,4.44,4.44,4.36,45.42M,-1.35%,,,,,,,,,,,,,
9/08/2021,4.44,4.34,4.44,4.32,148.20M,3.26%,,,,,,,,,,,,,
6/08/2021,4.3,4.3,4.32,4.22,34.23M,0.47%,,,,,,,,,,,,,
5/08/2021,4.28,4.28,4.34,4.24,25.63M,0.00%,,,,,,,,,,,,,
4/08/2021,4.28,4.36,4.36,4.26,19.83M,-1.38%,,,,,,,,,,,,,
3/08/2021,4.34,4.24,4.36,4.2,59.68M,2.36%,,,,,,,,,,,,,
2/08/2021,4.24,4.24,4.28,4.2,19.33M,-0.93%,,,,,,,,,,,,,
30/07/2021,4.28,4.34,4.36,4.24,49.16M,-1.83%,,,,,,,,,,,,,
29/07/2021,4.36,4.34,4.38,4.3,93.00M,0.46%,,,,,,,,,,,,,
27/07/2021,4.34,4.26,4.38,4.18,178.60M,2.36%,,,,,,,,,,,,,
23/07/2021,4.24,4.2,4.26,4.16,80.96M,0.95%,,,,,,,,,,,,,
22/07/2021,4.2,4.08,4.28,4.08,195.43M,3.45%,,,,,,,,,,,,,
21/07/2021,4.06,4.12,4.12,4.06,17.07M,-1.46%,,,,,,,,,,,,,
20/07/2021,4.12,4.12,4.14,4.02,74.15M,-0.48%,,,,,,,,,,,,,
19/07/2021,4.14,4.12,4.18,4.1,55.71M,-1.43%,,,,,,,,,,,,,
16/07/2021,4.2,4.2,4.28,4.16,281.51M,0.96%,,,,,,,,,,,,,
15/07/2021,4.16,3.96,4.18,3.96,260.55M,5.58%,,,,,,,,,,,,,
14/07/2021,3.94,3.9,3.96,3.88,23.03M,0.51%,,,,,,,,,,,,,
13/07/2021,3.92,3.92,3.98,3.88,21.80M,0.51%,,,,,,,,,,,,,
12/07/2021,3.9,3.86,3.94,3.84,29.23M,1.04%,,,,,,,,,,,,,
9/07/2021,3.86,3.86,3.88,3.78,21.81M,-0.52%,,,,,,,,,,,,,
8/07/2021,3.88,3.96,4,3.86,73.84M,-3.48%,,,,,,,,,,,,,
7/07/2021,4.02,3.92,4.1,3.9,166.36M,2.03%,,,,,,,,,,,,,
6/07/2021,3.94,3.84,3.94,3.84,27.28M,2.60%,,,,,,,,,,,,,
5/07/2021,3.84,3.9,3.9,3.8,16.71M,-1.54%,,,,,,,,,,,,,
2/07/2021,3.9,4,4.02,3.9,31.58M,-2.99%,,,,,,,,,,,,,
1/07/2021,4.02,4,4.04,3.94,69.68M,1.52%,,,,,,,,,,,,,
30/06/2021,3.96,3.76,3.98,3.74,79.84M,5.88%,,,,,,,,,,,,,
29/06/2021,3.74,3.72,3.8,3.7,26.00M,0.54%,,,,,,,,,,,,,
28/06/2021,3.72,3.76,3.78,3.68,29.37M,-2.11%,,,,,,,,,,,,,
25/06/2021,3.8,3.84,3.86,3.78,25.06M,-1.04%,,,,,,,,,,,,,
24/06/2021,3.84,3.86,3.86,3.78,48.56M,-0.52%,,,,,,,,,,,,,
23/06/2021,3.86,3.98,4.02,3.84,62.27M,-2.53%,,,,,,,,,,,,,
22/06/2021,3.96,4.04,4.04,3.96,65.16M,-1.00%,,,,,,,,,,,,,
21/06/2021,4,3.78,4.04,3.76,170.17M,5.26%,,,,,,,,,,,,,
18/06/2021,3.8,3.94,3.94,3.76,164.00M,-3.55%,,,,,,,,,,,,,
17/06/2021,3.94,4.04,4.04,3.9,160.34M,-2.96%,,,,,,,,,,,,,
16/06/2021,4.06,4.06,4.08,4.04,32.13M,1.00%,,,,,,,,,,,,,
15/06/2021,4.02,4.08,4.12,4,75.76M,-1.47%,,,,,,,,,,,,,
14/06/2021,4.08,4.12,4.12,4.06,33.12M,-0.49%,,,,,,,,,,,,,
11/06/2021,4.1,4.1,4.12,4.08,24.66M,0.49%,,,,,,,,,,,,,
10/06/2021,4.08,4.1,4.14,4.08,52.36M,-0.97%,,,,,,,,,,,,,
9/06/2021,4.12,4.12,4.14,4.1,24.43M,0.00%,,,,,,,,,,,,,
8/06/2021,4.12,4.14,4.14,4.1,32.57M,0.00%,,,,,,,,,,,,,
7/06/2021,4.12,4.14,4.22,4.1,120.14M,0.00%,,,,,,,,,,,,,
4/06/2021,4.12,4.14,4.16,4.12,49.09M,0.49%,,,,,,,,,,,,,
2/06/2021,4.1,4.12,4.18,4.1,67.19M,0.00%,,,,,,,,,,,,,
1/06/2021,4.1,4.12,4.12,4.08,30.21M,-0.49%,,,,,,,,,,,,,
31/05/2021,4.12,4.08,4.16,4.08,37.52M,0.98%,,,,,,,,,,,,,
28/05/2021,4.08,4.12,4.14,4.08,35.01M,-0.49%,,,,,,,,,,,,,
27/05/2021,4.1,4.1,4.16,4.08,46.25M,0.00%,,,,,,,,,,,,,
25/05/2021,4.1,4.14,4.16,4.08,30.35M,-0.49%,,,,,,,,,,,,,
24/05/2021,4.12,4.1,4.18,4.08,51.81M,0.98%,,,,,,,,,,,,,
21/05/2021,4.08,4.1,4.12,4.06,23.41M,0.00%,,,,,,,,,,,,,
20/05/2021,4.08,4.14,4.16,4.08,35.47M,-0.97%,,,,,,,,,,,,,
19/05/2021,4.12,4.16,4.24,4.12,69.97M,-0.48%,,,,,,,,,,,,,
18/05/2021,4.14,4.08,4.22,4.08,75.08M,1.97%,,,,,,,,,,,,,
17/05/2021,4.06,4.08,4.12,4.04,40.64M,-2.87%,,,,,,,,,,,,,
14/05/2021,4.18,4.24,4.26,4.1,47.43M,-0.48%,,,,,,,,,,,,,
13/05/2021,4.2,4.34,4.38,3.92,149.93M,-3.23%,,,,,,,,,,,,,
12/05/2021,4.34,4.42,4.46,4.32,91.83M,-0.91%,,,,,,,,,,,,,
11/05/2021,4.38,4.36,4.44,4.34,54.43M,0.00%,,,,,,,,,,,,,
10/05/2021,4.38,4.42,4.42,4.34,37.94M,-0.45%,,,,,,,,,,,,,
7/05/2021,4.4,4.46,4.48,4.38,64.86M,-1.35%,,,,,,,,,,,,,
6/05/2021,4.46,4.42,4.54,4.4,153.60M,1.83%,,,,,,,,,,,,,
5/05/2021,4.38,4.36,4.44,4.32,106.37M,1.39%,,,,,,,,,,,,,
30/04/2021,4.32,4.38,4.38,4.32,36.09M,-0.92%,,,,,,,,,,,,,
29/04/2021,4.36,4.38,4.44,4.34,50.63M,-0.46%,,,,,,,,,,,,,
28/04/2021,4.38,4.36,4.42,4.34,72.27M,1.39%,,,,,,,,,,,,,
27/04/2021,4.32,4.5,4.5,4.32,115.09M,-3.57%,,,,,,,,,,,,,
26/04/2021,4.48,4.54,4.56,4.48,70.50M,-1.32%,,,,,,,,,,,,,
23/04/2021,4.54,4.46,4.58,4.46,265.08M,1.34%,,,,,,,,,,,,,
22/04/2021,4.48,4.44,4.54,4.4,192.08M,1.82%,,,,,,,,,,,,,
21/04/2021,4.4,4.4,4.46,4.38,61.15M,0.00%,,,,,,,,,,,,,
20/04/2021,4.4,4.48,4.52,4.4,81.44M,-1.35%,,,,,,,,,,,,,
19/04/2021,4.46,4.46,4.52,4.44,113.23M,0.45%,,,,,,,,,,,,,
16/04/2021,4.44,4.38,4.48,4.28,140.15M,0.91%,,,,,,,,,,,,,
12/04/2021,4.4,4.52,4.56,4.4,138.38M,-3.08%,,,,,,,,,,,,,
9/04/2021,4.54,4.5,4.6,4.42,196.28M,2.25%,,,,,,,,,,,,,
8/04/2021,4.44,4.58,4.58,4.38,229.77M,-2.20%,,,,,,,,,,,,,
7/04/2021,4.54,4.3,4.76,4.28,802.43M,3.65%,,,,,,,,,,,,,
5/04/2021,4.38,4.2,4.42,4.16,506.94M,4.78%,,,,,,,,,,,,,
2/04/2021,4.18,4.2,4.22,4.16,39.71M,0.00%,,,,,,,,,,,,,
1/04/2021,4.18,4.18,4.24,4.18,44.40M,0.00%,,,,,,,,,,,,,
31/03/2021,4.18,4.2,4.3,4.16,210.64M,0.48%,,,,,,,,,,,,,
30/03/2021,4.16,4.2,4.2,4.14,32.85M,-0.48%,,,,,,,,,,,,,
29/03/2021,4.18,4.18,4.24,4.16,61.75M,0.48%,,,,,,,,,,,,,
26/03/2021,4.16,4.2,4.22,4.14,35.81M,-0.48%,,,,,,,,,,,,,
25/03/2021,4.18,4.26,4.28,4.18,68.26M,-0.95%,,,,,,,,,,,,,
24/03/2021,4.22,4.12,4.22,4.12,59.92M,1.93%,,,,,,,,,,,,,
23/03/2021,4.14,4.2,4.22,4.12,40.82M,-0.96%,,,,,,,,,,,,,
22/03/2021,4.18,4.2,4.22,4.14,52.51M,-0.48%,,,,,,,,,,,,,
19/03/2021,4.2,4.18,4.26,4.16,101.80M,0.48%,,,,,,,,,,,,,
18/03/2021,4.18,4.18,4.28,4.14,278.11M,1.95%,,,,,,,,,,,,,
17/03/2021,4.1,4.12,4.18,4.04,222.26M,-2.38%,,,,,,,,,,,,,
16/03/2021,4.2,4.2,4.26,4.18,28.33M,0.00%,,,,,,,,,,,,,
15/03/2021,4.2,4.26,4.28,4.16,30.45M,-1.41%,,,,,,,,,,,,,
12/03/2021,4.26,4.3,4.3,4.22,35.12M,0.47%,,,,,,,,,,,,,
11/03/2021,4.24,4.46,4.48,4.2,181.13M,-4.07%,,,,,,,,,,,,,
10/03/2021,4.42,4.16,4.42,4.14,181.56M,6.76%,,,,,,,,,,,,,
9/03/2021,4.14,4.18,4.18,4.14,22.94M,-0.48%,,,,,,,,,,,,,
8/03/2021,4.16,4.18,4.18,4.06,41.07M,0.00%,,,,,,,,,,,,,
5/03/2021,4.16,4.22,4.26,4.16,43.91M,-1.42%,,,,,,,,,,,,,
4/03/2021,4.22,4.08,4.22,4.08,56.37M,3.43%,,,,,,,,,,,,,
3/03/2021,4.08,4.08,4.12,4.04,35.82M,0.00%,,,,,,,,,,,,,
2/03/2021,4.08,4.08,4.16,4.06,48.61M,0.99%,,,,,,,,,,,,,
1/03/2021,4.04,4.12,4.16,4,51.91M,-2.88%,,,,,,,,,,,,,
25/02/2021,4.16,4.2,4.24,4.12,57.03M,0.97%,,,,,,,,,,,,,
24/02/2021,4.12,4.3,4.32,4.12,104.38M,-1.90%,,,,,,,,,,,,,
23/02/2021,4.2,4.16,4.22,4.08,27.03M,2.44%,,,,,,,,,,,,,
22/02/2021,4.1,4.24,4.24,4.06,31.75M,-2.84%,,,,,,,,,,,,,
19/02/2021,4.22,4.2,4.26,4.18,29.06M,0.48%,,,,,,,,,,,,,
18/02/2021,4.2,4.24,4.28,4.2,21.65M,-0.47%,,,,,,,,,,,,,
17/02/2021,4.22,4.32,4.36,4.22,47.50M,-1.86%,,,,,,,,,,,,,
16/02/2021,4.3,4.24,4.36,4.22,77.83M,2.87%,,,,,,,,,,,,,
15/02/2021,4.18,4.3,4.3,4.12,62.70M,-2.34%,,,,,,,,,,,,,
11/02/2021,4.28,4.38,4.4,4.2,53.56M,-2.73%,,,,,,,,,,,,,
10/02/2021,4.4,4.5,4.52,4.4,26.08M,-1.79%,,,,,,,,,,,,,
9/02/2021,4.48,4.5,4.58,4.46,73.89M,0.45%,,,,,,,,,,,,,
8/02/2021,4.46,4.36,4.46,4.34,45.32M,2.76%,,,,,,,,,,,,,
5/02/2021,4.34,4.4,4.42,4.32,35.13M,-0.91%,,,,,,,,,,,,,
4/02/2021,4.38,4.44,4.5,4.38,26.97M,-1.35%,,,,,,,,,,,,,
3/02/2021,4.44,4.46,4.52,4.42,61.05M,2.30%,,,,,,,,,,,,,
2/02/2021,4.34,4.4,4.44,4.32,34.49M,-0.91%,,,,,,,,,,,,,
1/02/2021,4.38,4.42,4.48,4.34,37.60M,-0.90%,,,,,,,,,,,,,
29/01/2021,4.42,4.52,4.52,4.4,22.64M,0.00%,,,,,,,,,,,,,
28/01/2021,4.42,4.46,4.48,4.34,55.44M,-2.21%,,,,,,,,,,,,,
27/01/2021,4.52,4.62,4.72,4.52,45.95M,-1.74%,,,,,,,,,,,,,
26/01/2021,4.6,4.68,4.68,4.6,30.68M,-1.71%,,,,,,,,,,,,,
25/01/2021,4.68,4.68,4.7,4.62,23.66M,1.30%,,,,,,,,,,,,,
22/01/2021,4.62,4.72,4.74,4.62,26.39M,-2.12%,,,,,,,,,,,,,
21/01/2021,4.72,4.74,4.82,4.68,54.95M,0.00%,,,,,,,,,,,,,
20/01/2021,4.72,4.74,4.74,4.62,53.72M,0.00%,,,,,,,,,,,,,
19/01/2021,4.72,4.6,4.8,4.56,102.40M,3.51%,,,,,,,,,,,,,
18/01/2021,4.56,4.66,4.72,4.44,84.71M,-2.15%,,,,,,,,,,,,,
15/01/2021,4.66,4.68,4.8,4.56,103.94M,-1.69%,,,,,,,,,,,,,
14/01/2021,4.74,5,5,4.66,181.34M,-5.20%,,,,,,,,,,,,,
13/01/2021,5,5.05,5.05,4.9,83.44M,0.40%,,,,,,,,,,,,,
12/01/2021,4.98,4.98,5.05,4.96,90.60M,1.63%,,,,,,,,,,,,,
11/01/2021,4.9,4.7,4.94,4.68,189.91M,6.06%,,,,,,,,,,,,,
8/01/2021,4.62,4.76,4.78,4.62,64.97M,-2.94%,,,,,,,,,,,,,
7/01/2021,4.76,4.56,4.84,4.56,116.78M,5.78%,,,,,,,,,,,,,
6/01/2021,4.5,4.7,4.76,4.48,114.63M,-3.02%,,,,,,,,,,,,,
5/01/2021,4.64,4.38,4.66,4.38,122.50M,6.42%,,,,,,,,,,,,,
4/01/2021,4.36,4.18,4.46,4.16,95.39M,2.35%,,,,,,,,,,,,,
30/12/2020,4.26,4.9,4.94,4,523.82M,-17.88%,,,,,,,,,,,,,
29/12/2020,5.187,5.138,5.435,4.99,151.44M,2.54%,,,,,,,,,,,,,
28/12/2020,5.059,5.217,5.336,4.901,178.88M,-0.78%,,,,,,,,,,,,,
25/12/2020,5.099,4.901,5.336,4.861,247.91M,4.88%,,,,,,,,,,,,,
24/12/2020,4.861,4.743,4.861,4.585,84.26M,3.36%,,,,,,,,,,,,,
23/12/2020,4.703,4.861,4.901,4.703,116.98M,-2.46%,,,,,,,,,,,,,
22/12/2020,4.822,4.427,4.861,4.269,187.62M,10.91%,,,,,,,,,,,,,
21/12/2020,4.348,4.506,4.624,4.348,149.61M,-5.98%,,,,,,,,,,,,,
18/12/2020,4.624,4.308,4.624,4.229,179.53M,9.35%,,,,,,,,,,,,,
17/12/2020,4.229,4.466,4.466,4.15,94.68M,-4.46%,,,,,,,,,,,,,
16/12/2020,4.427,4.466,4.545,4.387,107.20M,0.90%,,,,,,,,,,,,,
15/12/2020,4.387,4.19,4.387,4.19,103.84M,5.71%,,,,,,,,,,,,,
14/12/2020,4.15,4.15,4.269,4.11,104.51M,1.94%,,,,,,,,,,,,,
9/12/2020,4.071,3.873,4.071,3.854,197.35M,6.74%,,,,,,,,,,,,,
8/12/2020,3.814,3.794,3.873,3.755,94.07M,0.52%,,,,,,,,,,,,,
4/12/2020,3.794,3.814,3.873,3.735,77.69M,0.00%,,,,,,,,,,,,,
3/12/2020,3.794,3.636,3.873,3.636,192.90M,4.92%,,,,,,,,,,,,,
2/12/2020,3.616,3.616,3.656,3.597,45.27M,0.55%,,,,,,,,,,,,,
1/12/2020,3.597,3.616,3.636,3.597,18.61M,0.00%,,,,,,,,,,,,,
30/11/2020,3.597,3.616,3.676,3.597,57.31M,0.00%,,,,,,,,,,,,,
27/11/2020,3.597,3.636,3.636,3.597,22.55M,0.00%,,,,,,,,,,,,,
26/11/2020,3.597,3.597,3.636,3.557,53.60M,0.55%,,,,,,,,,,,,,
25/11/2020,3.577,3.636,3.656,3.557,43.03M,-1.09%,,,,,,,,,,,,,
24/11/2020,3.616,3.537,3.715,3.518,144.81M,2.23%,,,,,,,,,,,,,
23/11/2020,3.537,3.616,3.616,3.537,61.94M,-0.56%,,,,,,,,,,,,,
20/11/2020,3.557,3.656,3.656,3.557,64.19M,-1.64%,,,,,,,,,,,,,
19/11/2020,3.616,3.577,3.656,3.537,92.58M,1.67%,,,,,,,,,,,,,
18/11/2020,3.557,3.557,3.636,3.478,90.62M,-1.10%,,,,,,,,,,,,,
17/11/2020,3.597,3.616,3.695,3.557,82.43M,0.55%,,,,,,,,,,,,,
16/11/2020,3.577,3.636,3.695,3.577,56.85M,-2.16%,,,,,,,,,,,,,
13/11/2020,3.656,3.636,3.695,3.577,92.33M,1.65%,,,,,,,,,,,,,
12/11/2020,3.597,3.715,3.775,3.597,170.83M,-4.71%,,,,,,,,,,,,,
11/11/2020,3.775,3.537,3.775,3.458,170.66M,7.91%,,,,,,,,,,,,,
10/11/2020,3.498,3.498,3.537,3.34,111.93M,-1.67%,,,,,,,,,,,,,
9/11/2020,3.557,3.577,3.636,3.518,133.31M,1.69%,,,,,,,,,,,,,
6/11/2020,3.498,3.498,3.577,3.419,225.17M,6.63%,,,,,,,,,,,,,
5/11/2020,3.28,3.3,3.32,3.241,70.31M,0.00%,,,,,,,,,,,,,
4/11/2020,3.28,3.28,3.36,3.221,97.78M,0.61%,,,,,,,,,,,,,
3/11/2020,3.261,3.3,3.399,3.241,279.64M,-0.60%,,,,,,,,,,,,,
2/11/2020,3.28,3.063,3.379,3.043,395.20M,7.79%,,,,,,,,,,,,,
30/10/2020,3.043,2.964,3.063,2.925,315.49M,8.45%,,,,,,,,,,,,,
29/10/2020,2.806,2.964,2.964,2.806,177.84M,-5.33%,,,,,,,,,,,,,
28/10/2020,2.964,3.162,3.201,2.905,275.47M,-21.88%,,,,,,,,,,,,,
27/10/2020,3.794,3.873,3.913,3.715,9.77M,-1.54%,,,,,,,,,,,,,
26/10/2020,3.854,3.893,3.933,3.814,4.97M,-1.02%,,,,,,,,,,,,,
22/10/2020,3.893,3.952,3.952,3.873,1.88M,-1.01%,,,,,,,,,,,,,
21/10/2020,3.933,3.933,3.952,3.893,1.31M,1.02%,,,,,,,,,,,,,
20/10/2020,3.893,3.873,3.952,3.873,2.18M,0.51%,,,,,,,,,,,,,
19/10/2020,3.873,3.992,3.992,3.873,5.60M,-2.00%,,,,,,,,,,,,,
16/10/2020,3.952,3.992,4.031,3.952,1.26M,-0.99%,,,,,,,,,,,,,
15/10/2020,3.992,4.031,4.031,3.952,1.38M,-0.98%,,,,,,,,,,,,,
14/10/2020,4.031,3.992,4.071,3.992,1.08M,0.99%,,,,,,,,,,,,,
12/10/2020,3.992,4.071,4.071,3.992,1.37M,-0.98%,,,,,,,,,,,,,
9/10/2020,4.031,4.071,4.11,4.031,721.15K,-0.97%,,,,,,,,,,,,,
8/10/2020,4.071,4.071,4.11,4.031,860.20K,0.00%,,,,,,,,,,,,,
7/10/2020,4.071,4.11,4.11,4.031,2.07M,-0.96%,,,,,,,,,,,,,
6/10/2020,4.11,4.11,4.15,4.071,1.06M,0.00%,,,,,,,,,,,,,
5/10/2020,4.11,4.15,4.15,4.071,611.70K,0.00%,,,,,,,,,,,,,
2/10/2020,4.11,4.11,4.15,4.071,426.25K,0.00%,,,,,,,,,,,,,
1/10/2020,4.11,4.11,4.15,4.071,1.34M,0.00%,,,,,,,,,,,,,
30/09/2020,4.11,4.15,4.15,4.071,3.82M,-0.95%,,,,,,,,,,,,,
29/09/2020,4.15,4.15,4.19,4.15,4.06M,0.96%,,,,,,,,,,,,,
28/09/2020,4.11,4.15,4.15,4.071,1.96M,0.00%,,,,,,,,,,,,,
25/09/2020,4.11,4.071,4.15,4.071,5.99M,1.96%,,,,,,,,,,,,,
24/09/2020,4.031,4.031,4.071,3.992,2.22M,0.00%,,,,,,,,,,,,,
23/09/2020,4.031,4.031,4.071,3.992,2.02M,0.99%,,,,,,,,,,,,,
22/09/2020,3.992,4.031,4.071,3.992,1.93M,0.00%,,,,,,,,,,,,,
21/09/2020,3.992,4.031,4.071,3.992,1.12M,-0.98%,,,,,,,,,,,,,
18/09/2020,4.031,3.992,4.031,3.952,2.08M,2.00%,,,,,,,,,,,,,
17/09/2020,3.952,4.031,4.071,3.952,1.96M,-0.99%,,,,,,,,,,,,,
16/09/2020,3.992,4.031,4.071,3.992,2.23M,-0.98%,,,,,,,,,,,,,
15/09/2020,4.031,3.952,4.031,3.952,4.28M,2.00%,,,,,,,,,,,,,
14/09/2020,3.952,3.992,4.031,3.913,9.12M,-0.99%,,,,,,,,,,,,,
11/09/2020,3.992,4.031,4.071,3.992,1.32M,-0.98%,,,,,,,,,,,,,
10/09/2020,4.031,4.11,4.11,4.031,1.49M,-0.97%,,,,,,,,,,,,,
9/09/2020,4.071,4.031,4.071,3.992,1.70M,0.98%,,,,,,,,,,,,,
8/09/2020,4.031,4.15,4.15,4.031,2.41M,-1.92%,,,,,,,,,,,,,
3/09/2020,4.11,4.19,4.19,4.11,2.16M,-1.89%,,,,,,,,,,,,,
2/09/2020,4.19,4.11,4.19,4.071,7.77M,2.91%,,,,,,,,,,,,,
1/09/2020,4.071,4.071,4.11,4.031,1.89M,0.00%,,,,,,,,,,,,,
31/08/2020,4.071,4.11,4.11,4.031,2.03M,0.00%,,,,,,,,,,,,,
28/08/2020,4.071,4.11,4.15,4.071,2.54M,0.00%,,,,,,,,,,,,,
27/08/2020,4.071,4.071,4.15,4.031,2.45M,0.00%,,,,,,,,,,,,,
26/08/2020,4.071,4.071,4.11,4.031,2.30M,-0.96%,,,,,,,,,,,,,
25/08/2020,4.11,4.15,4.15,4.031,8.91M,0.97%,,,,,,,,,,,,,
24/08/2020,4.071,4.031,4.11,3.992,3.74M,0.98%,,,,,,,,,,,,,
21/08/2020,4.031,3.992,4.071,3.952,2.67M,0.99%,,,,,,,,,,,,,
20/08/2020,3.992,4.031,4.031,3.933,8.88M,-1.94%,,,,,,,,,,,,,
19/08/2020,4.071,4.071,4.15,3.992,4.36M,0.00%,,,,,,,,,,,,,
18/08/2020,4.071,4.071,4.071,3.992,3.23M,0.98%,,,,,,,,,,,,,
17/08/2020,4.031,4.11,4.15,3.992,8.29M,-1.92%,,,,,,,,,,,,,
14/08/2020,4.11,4.19,4.19,4.071,7.03M,-0.95%,,,,,,,,,,,,,
13/08/2020,4.15,4.229,4.269,4.11,9.21M,-0.94%,,,,,,,,,,,,,
11/08/2020,4.19,4.269,4.269,4.19,6.48M,0.00%,,,,,,,,,,,,,
10/08/2020,4.19,4.229,4.269,4.19,3.28M,0.00%,,,,,,,,,,,,,
7/08/2020,4.19,4.308,4.308,4.15,21.34M,-2.75%,,,,,,,,,,,,,
6/08/2020,4.308,4.348,4.387,4.269,10.60M,-0.91%,,,,,,,,,,,,,
5/08/2020,4.348,4.506,4.506,4.348,25.06M,0.00%,,,,,,,,,,,,,
4/08/2020,4.348,4.506,4.545,4.348,31.97M,-2.65%,,,,,,,,,,,,,
3/08/2020,4.466,4.348,4.466,4.308,10.11M,2.73%,,,,,,,,,,,,,
31/07/2020,4.348,4.348,4.387,4.269,7.10M,0.92%,,,,,,,,,,,,,
30/07/2020,4.308,4.427,4.466,4.269,23.90M,-0.91%,,,,,,,,,,,,,
29/07/2020,4.348,4.427,4.466,4.348,12.59M,-1.79%,,,,,,,,,,,,,
24/07/2020,4.427,4.387,4.506,4.348,42.12M,1.82%,,,,,,,,,,,,,
23/07/2020,4.348,4.308,4.348,4.269,11.29M,0.92%,,,,,,,,,,,,,
22/07/2020,4.308,4.308,4.387,4.269,12.94M,0.93%,,,,,,,,,,,,,
21/07/2020,4.269,4.308,4.348,4.269,3.99M,-0.92%,,,,,,,,,,,,,
20/07/2020,4.308,4.308,4.348,4.229,5.08M,0.00%,,,,,,,,,,,,,
17/07/2020,4.308,4.348,4.387,4.269,18.03M,-0.91%,,,,,,,,,,,,,
16/07/2020,4.348,4.229,4.427,4.19,48.39M,3.77%,,,,,,,,,,,,,
15/07/2020,4.19,4.229,4.269,4.19,3.30M,0.00%,,,,,,,,,,,,,
14/07/2020,4.19,4.15,4.19,4.11,4.30M,1.92%,,,,,,,,,,,,,
13/07/2020,4.11,4.308,4.348,4.11,18.84M,-4.59%,,,,,,,,,,,,,
10/07/2020,4.308,4.19,4.308,4.15,20.70M,2.83%,,,,,,,,,,,,,
9/07/2020,4.19,4.19,4.229,4.15,4.01M,0.95%,,,,,,,,,,,,,
8/07/2020,4.15,4.19,4.229,4.15,10.75M,-1.87%,,,,,,,,,,,,,
7/07/2020,4.229,4.308,4.308,4.19,16.91M,0.00%,,,,,,,,,,,,,
3/07/2020,4.229,4.11,4.269,4.071,42.59M,3.88%,,,,,,,,,,,,,
2/07/2020,4.071,4.031,4.11,4.031,8.63M,0.98%,,,,,,,,,,,,,
1/07/2020,4.031,4.071,4.11,4.031,5.73M,0.00%,,,,,,,,,,,,,
30/06/2020,4.031,4.15,4.15,4.031,12.80M,-1.92%,,,,,,,,,,,,,
29/06/2020,4.11,4.031,4.11,3.992,4.38M,0.97%,,,,,,,,,,,,,
26/06/2020,4.071,4.11,4.269,4.031,17.82M,0.00%,,,,,,,,,,,,,
25/06/2020,4.071,4.071,4.15,4.031,9.59M,-0.96%,,,,,,,,,,,,,
24/06/2020,4.11,4.229,4.269,4.11,9.67M,-1.89%,,,,,,,,,,,,,
23/06/2020,4.19,4.19,4.229,4.15,7.28M,0.00%,,,,,,,,,,,,,
22/06/2020,4.19,4.269,4.269,4.15,10.11M,-1.85%,,,,,,,,,,,,,
19/06/2020,4.269,4.348,4.348,4.229,9.95M,-0.92%,,,,,,,,,,,,,
18/06/2020,4.308,4.229,4.387,4.229,20.11M,1.87%,,,,,,,,,,,,,
17/06/2020,4.229,4.19,4.269,4.11,11.54M,2.88%,,,,,,,,,,,,,
16/06/2020,4.11,4.387,4.506,4.11,58.71M,-3.70%,,,,,,,,,,,,,
15/06/2020,4.269,4.071,4.269,4.071,54.02M,6.93%,,,,,,,,,,,,,
12/06/2020,3.992,3.952,3.992,3.913,8.37M,0.00%,,,,,,,,,,,,,
11/06/2020,3.992,3.952,4.031,3.952,3.87M,1.00%,,,,,,,,,,,,,
10/06/2020,3.952,3.992,4.031,3.952,4.02M,0.00%,,,,,,,,,,,,,
9/06/2020,3.952,4.071,4.071,3.952,11.12M,-2.91%,,,,,,,,,,,,,
8/06/2020,4.071,4.071,4.11,4.031,8.40M,0.00%,,,,,,,,,,,,,
5/06/2020,4.071,4.15,4.15,4.071,9.05M,-0.96%,,,,,,,,,,,,,
4/06/2020,4.11,4.11,4.15,3.992,14.62M,0.97%,,,,,,,,,,,,,
2/06/2020,4.071,4.15,4.19,4.071,12.25M,-0.96%,,,,,,,,,,,,,
1/06/2020,4.11,4.15,4.269,4.031,41.92M,4.00%,,,,,,,,,,,,,
29/05/2020,3.952,3.834,4.19,3.834,184.95M,-12.28%,,,,,,,,,,,,,
28/05/2020,4.506,4.703,4.743,4.15,10.57M,-4.20%,,,,,,,,,,,,,
27/05/2020,4.703,4.861,4.861,4.664,6.76M,-2.46%,,,,,,,,,,,,,
26/05/2020,4.822,4.98,5.02,4.782,15.33M,-0.81%,,,,,,,,,,,,,
25/05/2020,4.861,4.664,4.94,4.585,29.21M,6.96%,,,,,,,,,,,,,
22/05/2020,4.545,4.466,4.624,4.427,7.62M,1.77%,,,,,,,,,,,,,
21/05/2020,4.466,4.466,4.506,4.427,1.39M,0.89%,,,,,,,,,,,,,
20/05/2020,4.427,4.427,4.545,4.387,1.20M,0.00%,,,,,,,,,,,,,
19/05/2020,4.427,4.506,4.506,4.387,1.61M,0.90%,,,,,,,,,,,,,
18/05/2020,4.387,4.545,4.545,4.387,1.49M,-2.63%,,,,,,,,,,,,,
15/05/2020,4.506,4.506,4.545,4.466,1.09M,0.88%,,,,,,,,,,,,,
14/05/2020,4.466,4.387,4.545,4.387,1.54M,0.89%,,,,,,,,,,,,,
13/05/2020,4.427,4.624,4.624,4.387,3.98M,-3.45%,,,,,,,,,,,,,
12/05/2020,4.585,4.743,4.782,4.506,9.26M,0.00%,,,,,,,,,,,,,
11/05/2020,4.585,4.585,4.624,4.466,7.71M,4.50%,,,,,,,,,,,,,
8/05/2020,4.387,4.466,4.545,4.387,2.11M,-0.89%,,,,,,,,,,,,,
7/05/2020,4.427,4.466,4.466,4.387,1.61M,0.00%,,,,,,,,,,,,,
5/05/2020,4.427,4.348,4.466,4.348,1.42M,2.75%,,,,,,,,,,,,,
30/04/2020,4.308,4.387,4.427,4.269,1.35M,-0.91%,,,,,,,,,,,,,
29/04/2020,4.348,4.348,4.427,4.308,705.40K,0.00%,,,,,,,,,,,,,
28/04/2020,4.348,4.387,4.427,4.308,1.29M,-0.90%,,,,,,,,,,,,,
27/04/2020,4.387,4.387,4.782,4.348,8.11M,0.91%,,,,,,,,,,,,,
24/04/2020,4.348,4.387,4.427,4.308,1.25M,0.00%,,,,,,,,,,,,,
23/04/2020,4.348,4.348,4.466,4.308,1.38M,0.00%,,,,,,,,,,,,,
22/04/2020,4.348,4.387,4.387,4.269,1.39M,-0.90%,,,,,,,,,,,,,
21/04/2020,4.387,4.348,4.506,4.269,3.30M,0.91%,,,,,,,,,,,,,
20/04/2020,4.348,4.348,4.387,4.269,1.96M,0.92%,,,,,,,,,,,,,
17/04/2020,4.308,4.585,4.585,4.229,7.12M,-6.03%,,,,,,,,,,,,,
16/04/2020,4.585,4.545,4.585,4.269,11.41M,9.43%,,,,,,,,,,,,,
15/04/2020,4.19,3.854,4.19,3.854,8.48M,13.98%,,,,,,,,,,,,,
14/04/2020,3.676,3.715,3.715,3.616,388.25K,0.00%,,,,,,,,,,,,,
13/04/2020,3.676,3.695,3.715,3.616,465.50K,0.00%,,,,,,,,,,,,,
10/04/2020,3.676,3.715,3.755,3.636,664.30K,-0.53%,,,,,,,,,,,,,
9/04/2020,3.695,3.775,3.794,3.695,475.85K,-1.06%,,,,,,,,,,,,,
8/04/2020,3.735,3.775,3.794,3.695,300.25K,1.07%,,,,,,,,,,,,,
7/04/2020,3.695,3.676,3.735,3.616,215.80K,1.08%,,,,,,,,,,,,,
3/04/2020,3.656,3.616,3.676,3.597,103.65K,1.65%,,,,,,,,,,,,,
2/04/2020,3.597,3.616,3.676,3.557,812.20K,0.00%,,,,,,,,,,,,,
1/04/2020,3.597,3.597,3.616,3.498,164.75K,0.00%,,,,,,,,,,,,,
31/03/2020,3.597,3.636,3.656,3.537,237.40K,0.00%,,,,,,,,,,,,,
30/03/2020,3.597,3.676,3.695,3.557,418.85K,-1.62%,,,,,,,,,,,,,
27/03/2020,3.656,3.695,3.715,3.636,272.80K,-0.54%,,,,,,,,,,,,,
26/03/2020,3.676,3.695,3.695,3.616,271.60K,0.54%,,,,,,,,,,,,,
25/03/2020,3.656,3.676,3.695,3.616,436.00K,0.54%,,,,,,,,,,,,,
24/03/2020,3.636,3.715,3.755,3.537,678.70K,-1.60%,,,,,,,,,,,,,
23/03/2020,3.695,3.775,3.775,3.656,231.55K,-4.59%,,,,,,,,,,,,,
20/03/2020,3.873,3.755,3.893,3.715,672.95K,4.81%,,,,,,,,,,,,,
19/03/2020,3.695,3.755,3.755,3.597,571.70K,-1.58%,,,,,,,,,,,,,
18/03/2020,3.755,3.518,3.755,3.478,654.00K,7.95%,,,,,,,,,,,,,
17/03/2020,3.478,3.616,3.676,3.478,443.60K,-2.22%,,,,,,,,,,,,,
16/03/2020,3.557,3.814,3.913,3.557,328.10K,-7.22%,,,,,,,,,,,,,
13/03/2020,3.834,3.735,3.854,3.676,757.35K,-0.51%,,,,,,,,,,,,,
12/03/2020,3.854,3.933,3.933,3.755,462.45K,-2.01%,,,,,,,,,,,,,
11/03/2020,3.933,3.952,3.992,3.893,265.90K,-0.50%,,,,,,,,,,,,,
10/03/2020,3.952,3.933,3.952,3.913,265.95K,1.01%,,,,,,,,,,,,,
9/03/2020,3.913,3.952,3.952,3.814,505.45K,-1.00%,,,,,,,,,,,,,
6/03/2020,3.952,4.031,4.031,3.952,88.20K,-0.99%,,,,,,,,,,,,,
5/03/2020,3.992,4.071,4.15,3.952,610.15K,0.00%,,,,,,,,,,,,,
4/03/2020,3.992,3.992,4.031,3.952,180.20K,-0.98%,,,,,,,,,,,,,
3/03/2020,4.031,4.031,4.071,3.952,355.40K,0.99%,,,,,,,,,,,,,
2/03/2020,3.992,4.031,4.071,3.873,777.90K,0.00%,,,,,,,,,,,,,
28/02/2020,3.992,3.992,3.992,3.913,274.50K,0.00%,,,,,,,,,,,,,
27/02/2020,3.992,3.913,4.031,3.913,870.95K,1.00%,,,,,,,,,,,,,
26/02/2020,3.952,4.229,4.229,3.893,1.03M,-6.54%,,,,,,,,,,,,,
25/02/2020,4.229,4.229,4.269,4.11,997.85K,0.00%,,,,,,,,,,,,,
24/02/2020,4.229,4.308,4.308,4.15,1.35M,-2.73%,,,,,,,,,,,,,
21/02/2020,4.348,4.308,4.348,4.269,207.80K,0.92%,,,,,,,,,,,,,
20/02/2020,4.308,4.348,4.348,4.269,235.25K,-0.91%,,,,,,,,,,,,,
19/02/2020,4.348,4.308,4.387,4.269,479.40K,0.00%,,,,,,,,,,,,,
18/02/2020,4.348,4.387,4.387,4.269,291.80K,0.00%,,,,,,,,,,,,,
17/02/2020,4.348,4.348,4.387,4.308,396.15K,0.92%,,,,,,,,,,,,,
14/02/2020,4.308,4.466,4.466,4.269,1.65M,-3.54%,,,,,,,,,,,,,
13/02/2020,4.466,4.466,4.506,4.387,1.28M,0.00%,,,,,,,,,,,,,
12/02/2020,4.466,4.308,4.545,4.269,3.86M,5.61%,,,,,,,,,,,,,
11/02/2020,4.229,4.348,4.387,4.229,505.00K,-2.73%,,,,,,,,,,,,,
7/02/2020,4.348,4.387,4.427,4.348,497.70K,0.00%,,,,,,,,,,,,,
6/02/2020,4.348,4.229,4.348,4.229,829.90K,2.80%,,,,,,,,,,,,,
5/02/2020,4.229,4.229,4.269,4.19,594.35K,0.00%,,,,,,,,,,,,,
4/02/2020,4.229,4.269,4.269,4.15,886.60K,0.00%,,,,,,,,,,,,,
3/02/2020,4.229,4.308,4.348,4.229,726.80K,-0.93%,,,,,,,,,,,,,
31/01/2020,4.269,4.308,4.387,4.269,349.60K,-0.92%,,,,,,,,,,,,,
30/01/2020,4.308,4.308,4.387,4.269,786.85K,0.00%,,,,,,,,,,,,,
29/01/2020,4.308,4.308,4.427,4.11,2.39M,0.93%,,,,,,,,,,,,,
28/01/2020,4.269,4.348,4.387,4.269,750.60K,-1.82%,,,,,,,,,,,,,
27/01/2020,4.348,4.387,4.387,4.269,1.08M,-1.79%,,,,,,,,,,,,,
24/01/2020,4.427,4.427,4.427,4.308,910.45K,0.00%,,,,,,,,,,,,,
23/01/2020,4.427,4.427,4.466,4.387,545.35K,-0.88%,,,,,,,,,,,,,
22/01/2020,4.466,4.387,4.466,4.308,516.50K,2.73%,,,,,,,,,,,,,
21/01/2020,4.348,4.387,4.427,4.269,1.66M,-0.90%,,,,,,,,,,,,,
20/01/2020,4.387,4.506,4.506,4.348,1.03M,-1.77%,,,,,,,,,,,,,
17/01/2020,4.466,4.466,4.545,4.427,688.55K,0.89%,,,,,,,,,,,,,
16/01/2020,4.427,4.387,4.506,4.387,975.00K,0.90%,,,,,,,,,,,,,
15/01/2020,4.387,4.427,4.466,4.348,929.90K,-0.89%,,,,,,,,,,,,,
14/01/2020,4.427,4.585,4.624,4.269,3.71M,-3.45%,,,,,,,,,,,,,
13/01/2020,4.585,4.466,4.585,4.387,2.99M,2.65%,,,,,,,,,,,,,
10/01/2020,4.466,4.466,4.466,4.348,2.10M,0.89%,,,,,,,,,,,,,
9/01/2020,4.427,4.19,4.427,4.15,5.69M,7.69%,,,,,,,,,,,,,
8/01/2020,4.11,4.11,4.15,4.071,915.20K,-0.95%,,,,,,,,,,,,,
7/01/2020,4.15,4.11,4.15,4.071,449.60K,1.94%,,,,,,,,,,,,,
6/01/2020,4.071,4.229,4.308,4.031,3.09M,-5.50%,,,,,,,,,,,,,
3/01/2020,4.308,4.15,4.308,4.15,2.19M,2.83%,,,,,,,,,,,,,
2/01/2020,4.19,4.19,4.269,4.071,2.06M,0.00%,,,,,,,,,,,,,
30/12/2019,4.19,4.031,4.229,4.031,3.52M,4.95%,,,,,,,,,,,,,
27/12/2019,3.992,3.992,4.071,3.933,1.60M,1.51%,,,,,,,,,,,,,
26/12/2019,3.933,3.933,3.933,3.913,342.15K,0.51%,,,,,,,,,,,,,
25/12/2019,3.913,3.913,3.933,3.913,224.95K,0.00%,,,,,,,,,,,,,
24/12/2019,3.913,3.933,3.952,3.913,293.40K,0.00%,,,,,,,,,,,,,
23/12/2019,3.913,3.913,3.933,3.913,313.15K,0.51%,,,,,,,,,,,,,
20/12/2019,3.893,3.893,3.952,3.873,298.90K,0.00%,,,,,,,,,,,,,
19/12/2019,3.893,3.933,3.933,3.893,134.20K,-0.51%,,,,,,,,,,,,,
18/12/2019,3.913,3.913,3.933,3.893,264.60K,0.51%,,,,,,,,,,,,,
17/12/2019,3.893,3.913,3.913,3.873,236.95K,0.00%,,,,,,,,,,,,,
16/12/2019,3.893,3.952,3.952,3.873,279.90K,-0.51%,,,,,,,,,,,,,
13/12/2019,3.913,3.952,3.952,3.913,221.55K,-0.50%,,,,,,,,,,,,,
12/12/2019,3.933,3.933,3.952,3.913,126.00K,1.53%,,,,,,,,,,,,,
11/12/2019,3.873,3.933,3.933,3.873,266.20K,-1.51%,,,,,,,,,,,,,
9/12/2019,3.933,3.992,3.992,3.873,1.13M,1.02%,,,,,,,,,,,,,
6/12/2019,3.893,3.873,3.913,3.854,231.10K,1.03%,,,,,,,,,,,,,
4/12/2019,3.854,3.913,3.913,3.814,366.40K,-1.02%,,,,,,,,,,,,,
3/12/2019,3.893,3.854,3.933,3.854,112.80K,1.55%,,,,,,,,,,,,,
2/12/2019,3.834,3.873,3.873,3.794,957.95K,-0.51%,,,,,,,,,,,,,
29/11/2019,3.854,3.913,3.913,3.814,1.16M,-0.51%,,,,,,,,,,,,,
28/11/2019,3.873,3.893,3.952,3.854,968.50K,0.00%,,,,,,,,,,,,,
27/11/2019,3.873,3.952,3.952,3.834,1.62M,-1.51%,,,,,,,,,,,,,
26/11/2019,3.933,3.992,4.071,3.873,1.33M,-1.49%,,,,,,,,,,,,,
25/11/2019,3.992,4.031,4.031,3.913,506.75K,-0.98%,,,,,,,,,,,,,
22/11/2019,4.031,4.031,4.031,3.873,1.85M,0.99%,,,,,,,,,,,,,
21/11/2019,3.992,4.071,4.071,3.952,754.45K,-0.98%,,,,,,,,,,,,,
20/11/2019,4.031,4.229,4.269,3.992,4.57M,-0.97%,,,,,,,,,,,,,
19/11/2019,4.071,3.952,4.071,3.933,1.07M,5.64%,,,,,,,,,,,,,
18/11/2019,3.854,3.873,3.893,3.814,371.40K,-0.51%,,,,,,,,,,,,,
15/11/2019,3.873,3.854,4.031,3.854,1.41M,1.03%,,,,,,,,,,,,,
14/11/2019,3.834,3.913,3.913,3.616,4.29M,-1.52%,,,,,,,,,,,,,
13/11/2019,3.893,4.071,4.071,3.893,1.30M,-4.37%,,,,,,,,,,,,,
12/11/2019,4.071,3.992,4.11,3.952,1.12M,1.98%,,,,,,,,,,,,,
11/11/2019,3.992,4.031,4.071,3.952,757.40K,0.00%,,,,,,,,,,,,,
8/11/2019,3.992,3.952,4.11,3.952,1.76M,1.51%,,,,,,,,,,,,,
7/11/2019,3.933,3.933,3.992,3.893,344.75K,-0.50%,,,,,,,,,,,,,
6/11/2019,3.952,3.854,3.992,3.834,3.02M,2.56%,,,,,,,,,,,,,
5/11/2019,3.854,3.755,3.854,3.735,1.55M,3.17%,,,,,,,,,,,,,
4/11/2019,3.735,3.577,3.775,3.557,2.72M,5.00%,,,,,,,,,,,,,
1/11/2019,3.557,3.557,3.557,3.478,1.18M,0.56%,,,,,,,,,,,,,
31/10/2019,3.537,3.419,3.577,3.399,1.69M,3.47%,,,,,,,,,,,,,
30/10/2019,3.419,3.399,3.419,3.379,1.00M,0.58%,,,,,,,,,,,,,
29/10/2019,3.399,3.36,3.399,3.34,611.20K,1.18%,,,,,,,,,,,,,
28/10/2019,3.36,3.34,3.36,3.32,502.50K,0.59%,,,,,,,,,,,,,
25/10/2019,3.34,3.379,3.399,3.3,1.03M,-1.17%,,,,,,,,,,,,,
24/10/2019,3.379,3.399,3.399,3.36,482.00K,0.00%,,,,,,,,,,,,,
22/10/2019,3.379,3.379,3.379,3.36,396.60K,0.59%,,,,,,,,,,,,,
21/10/2019,3.36,3.399,3.399,3.34,1.47M,-0.58%,,,,,,,,,,,,,
18/10/2019,3.379,3.419,3.419,3.36,1.04M,-0.58%,,,,,,,,,,,,,
17/10/2019,3.399,3.399,3.419,3.379,1.32M,0.58%,,,,,,,,,,,,,
16/10/2019,3.379,3.399,3.419,3.379,2.02M,-0.58%,,,,,,,,,,,,,
15/10/2019,3.399,3.36,3.399,3.36,1.81M,1.18%,,,,,,,,,,,,,
11/10/2019,3.36,3.439,3.439,3.36,808.55K,-2.30%,,,,,,,,,,,,,
10/10/2019,3.439,3.458,3.458,3.399,520.00K,0.00%,,,,,,,,,,,,,
9/10/2019,3.439,3.458,3.478,3.439,910.50K,-0.57%,,,,,,,,,,,,,
8/10/2019,3.458,3.478,3.518,3.439,1.20M,-0.57%,,,,,,,,,,,,,
7/10/2019,3.478,3.656,3.656,3.221,18.79M,-9.28%,,,,,,,,,,,,,
4/10/2019,3.834,3.952,3.952,3.755,1.92M,-3.00%,,,,,,,,,,,,,
3/10/2019,3.952,3.952,3.992,3.913,435.05K,0.00%,,,,,,,,,,,,,
2/10/2019,3.952,3.952,3.952,3.913,625.60K,0.00%,,,,,,,,,,,,,
1/10/2019,3.952,4.031,4.031,3.893,1.14M,-1.96%,,,,,,,,,,,,,
30/09/2019,4.031,4.071,4.071,3.992,433.10K,-0.97%,,,,,,,,,,,,,
27/09/2019,4.071,4.229,4.229,3.992,948.90K,-2.83%,,,,,,,,,,,,,
26/09/2019,4.19,4.031,4.269,4.031,1.59M,4.95%,,,,,,,,,,,,,
25/09/2019,3.992,3.992,3.992,3.933,1.44M,1.00%,,,,,,,,,,,,,
24/09/2019,3.952,3.913,3.952,3.913,690.50K,1.01%,,,,,,,,,,,,,
23/09/2019,3.913,3.913,3.952,3.873,427.70K,0.00%,,,,,,,,,,,,,
20/09/2019,3.913,3.952,3.952,3.834,1.02M,-1.00%,,,,,,,,,,,,,
19/09/2019,3.952,3.952,3.952,3.913,382.00K,0.00%,,,,,,,,,,,,,
18/09/2019,3.952,3.992,3.992,3.893,635.25K,-0.99%,,,,,,,,,,,,,
17/09/2019,3.992,3.992,4.11,3.952,828.60K,1.00%,,,,,,,,,,,,,
16/09/2019,3.952,3.933,3.952,3.873,733.05K,1.01%,,,,,,,,,,,,,
13/09/2019,3.913,3.913,3.933,3.873,844.30K,0.00%,,,,,,,,,,,,,
12/09/2019,3.913,3.933,3.933,3.873,910.95K,-0.50%,,,,,,,,,,,,,
11/09/2019,3.933,3.952,3.952,3.834,875.60K,-0.50%,,,,,,,,,,,,,
10/09/2019,3.952,3.952,3.952,3.695,2.23M,-13.88%,,,,,,,,,,,,,
9/09/2019,4.589,4.36,4.589,4.36,1.23M,9.09%,,,,,,,,,,,,,
6/09/2019,4.207,4.207,4.321,4.092,615.50K,0.00%,,,,,,,,,,,,,
5/09/2019,4.207,4.474,4.474,3.977,1.85M,-5.17%,,,,,,,,,,,,,
4/09/2019,4.436,4.474,4.474,4.36,291.65K,-0.85%,,,,,,,,,,,,,
3/09/2019,4.474,4.551,4.589,4.398,1.09M,-0.85%,,,,,,,,,,,,,
2/09/2019,4.513,4.666,4.666,4.436,634.00K,-1.67%,,,,,,,,,,,,,
30/08/2019,4.589,4.551,4.704,4.513,724.53K,1.69%,,,,,,,,,,,,,
29/08/2019,4.513,4.551,4.551,4.436,227.68K,0.00%,,,,,,,,,,,,,
28/08/2019,4.513,4.589,4.627,4.474,330.92K,-0.84%,,,,,,,,,,,,,
27/08/2019,4.551,4.589,4.589,4.551,297.80K,0.85%,,,,,,,,,,,,,
26/08/2019,4.513,4.551,4.551,4.474,205.30K,-0.84%,,,,,,,,,,,,,
23/08/2019,4.551,4.551,4.589,4.436,352.52K,0.00%,,,,,,,,,,,,,
22/08/2019,4.551,4.589,4.627,4.513,140.19K,-0.83%,,,,,,,,,,,,,
21/08/2019,4.589,4.589,4.666,4.474,356.56K,0.00%,,,,,,,,,,,,,
20/08/2019,4.589,4.627,4.666,4.551,348.80K,0.00%,,,,,,,,,,,,,
19/08/2019,4.589,4.398,4.589,4.398,586.04K,6.19%,,,,,,,,,,,,,
16/08/2019,4.321,4.321,4.398,4.245,405.28K,0.89%,,,,,,,,,,,,,
15/08/2019,4.283,4.436,4.436,4.207,811.81K,-2.61%,,,,,,,,,,,,,
14/08/2019,4.398,4.436,4.436,4.321,190.16K,0.88%,,,,,,,,,,,,,
13/08/2019,4.36,4.36,4.36,4.321,148.77K,0.88%,,,,,,,,,,,,,
9/08/2019,4.321,4.36,4.398,4.283,408.23K,-0.88%,,,,,,,,,,,,,
8/08/2019,4.36,4.513,4.513,4.283,737.04K,-0.87%,,,,,,,,,,,,,
7/08/2019,4.398,4.551,4.551,4.36,1.16M,-3.36%,,,,,,,,,,,,,
6/08/2019,4.551,4.551,4.551,4.436,689.75K,0.00%,,,,,,,,,,,,,
5/08/2019,4.551,4.589,4.589,4.474,495.87K,-0.83%,,,,,,,,,,,,,
2/08/2019,4.589,4.666,4.666,4.436,946.94K,-1.64%,,,,,,,,,,,,,
1/08/2019,4.666,4.78,4.819,4.627,998.15K,-2.40%,,,,,,,,,,,,,
31/07/2019,4.78,4.627,4.78,4.627,576.48K,0.00%,,,,,,,,,,,,,
30/07/2019,4.78,4.857,4.857,4.436,1.95M,-3.10%,,,,,,,,,,,,,
26/07/2019,4.933,5.163,5.354,4.78,3.75M,-5.15%,,,,,,,,,,,,,
25/07/2019,5.201,4.857,5.201,4.857,5.54M,9.68%,,,,,,,,,,,,,
24/07/2019,4.742,4.551,4.742,4.398,1.39M,2.48%,,,,,,,,,,,,,
23/07/2019,4.627,4.78,4.857,4.513,1.24M,-5.47%,,,,,,,,,,,,,
22/07/2019,4.895,4.972,5.01,4.704,1.91M,0.79%,,,,,,,,,,,,,
19/07/2019,4.857,4.857,4.895,4.704,1.83M,3.25%,,,,,,,,,,,,,
18/07/2019,4.704,4.589,4.704,4.513,1.16M,4.24%,,,,,,,,,,,,,
17/07/2019,4.513,4.513,4.551,4.436,446.93K,0.85%,,,,,,,,,,,,,
15/07/2019,4.474,4.474,4.589,4.436,757.24K,-1.68%,,,,,,,,,,,,,
12/07/2019,4.551,4.474,4.627,4.398,1.25M,1.71%,,,,,,,,,,,,,
11/07/2019,4.474,4.436,4.589,4.36,1.03M,0.86%,,,,,,,,,,,,,
10/07/2019,4.436,4.78,4.895,4.168,4.06M,-3.33%,,,,,,,,,,,,,
9/07/2019,4.589,4.742,4.972,4.13,7.42M,0.84%,,,,,,,,,,,,,
8/07/2019,4.551,4.016,4.551,4.016,3.20M,13.33%,,,,,,,,,,,,,
5/07/2019,4.016,4.016,4.168,3.824,1.07M,0.00%,,,,,,,,,,,,,
4/07/2019,4.016,3.729,4.13,3.71,4.47M,8.25%,,,,,,,,,,,,,
3/07/2019,3.71,3.595,3.71,3.557,400.07K,3.19%,,,,,,,,,,,,,
2/07/2019,3.595,3.518,3.652,3.499,283.69K,2.17%,,,,,,,,,,,,,
1/07/2019,3.518,3.499,3.518,3.442,416.29K,0.55%,,,,,,,,,,,,,
28/06/2019,3.499,3.537,3.537,3.442,254.70K,0.55%,,,,,,,,,,,,,
27/06/2019,3.48,3.576,3.595,3.442,288.19K,0.00%,,,,,,,,,,,,,
26/06/2019,3.48,3.518,3.537,3.404,424.46K,-0.55%,,,,,,,,,,,,,
25/06/2019,3.499,3.557,3.557,3.442,666.96K,-1.61%,,,,,,,,,,,,,
24/06/2019,3.557,3.614,3.614,3.518,211.76K,-1.06%,,,,,,,,,,,,,
21/06/2019,3.595,3.576,3.652,3.557,365.29K,1.62%,,,,,,,,,,,,,
20/06/2019,3.537,3.442,3.576,3.442,351.44K,1.09%,,,,,,,,,,,,,
19/06/2019,3.499,3.824,3.824,3.423,1.88M,-8.50%,,,,,,,,,,,,,
18/06/2019,3.824,3.346,3.901,3.327,5.30M,15.61%,,,,,,,,,,,,,
17/06/2019,3.308,3.212,3.308,3.212,352.63K,4.22%,,,,,,,,,,,,,
14/06/2019,3.174,3.136,3.174,3.117,141.80K,1.84%,,,,,,,,,,,,,
13/06/2019,3.117,3.079,3.117,3.059,90.38K,1.24%,,,,,,,,,,,,,
12/06/2019,3.079,3.079,3.117,3.059,84.28K,0.63%,,,,,,,,,,,,,
11/06/2019,3.059,3.059,3.098,3.021,146.29K,0.63%,,,,,,,,,,,,,
10/06/2019,3.04,3.04,3.059,3.002,103.56K,0.63%,,,,,,,,,,,,,
7/06/2019,3.021,3.059,3.059,2.983,175.07K,0.64%,,,,,,,,,,,,,
6/06/2019,3.002,3.059,3.155,2.945,265.56K,-0.63%,,,,,,,,,,,,,
5/06/2019,3.021,3.136,3.155,2.945,630.84K,-3.07%,,,,,,,,,,,,,
4/06/2019,3.117,3.155,3.155,3.021,261.16K,-2.98%,,,,,,,,,,,,,
31/05/2019,3.212,3.212,3.212,3.098,293.05K,0.00%,,,,,,,,,,,,,
30/05/2019,3.212,3.212,3.232,3.155,32.76K,0.00%,,,,,,,,,,,,,
29/05/2019,3.212,3.212,3.212,3.136,243.13K,0.00%,,,,,,,,,,,,,
28/05/2019,3.212,3.232,3.232,3.136,193.88K,-0.59%,,,,,,,,,,,,,
27/05/2019,3.232,3.193,3.251,3.155,230.78K,3.05%,,,,,,,,,,,,,
24/05/2019,3.136,3.079,3.193,3.002,297.08K,1.86%,,,,,,,,,,,,,
23/05/2019,3.079,3.117,3.136,3.021,223.80K,-1.23%,,,,,,,,,,,,,
22/05/2019,3.117,3.193,3.193,3.04,488.02K,-2.40%,,,,,,,,,,,,,
21/05/2019,3.193,3.193,3.212,3.136,218.95K,0.00%,,,,,,,,,,,,,
17/05/2019,3.193,3.079,3.27,3.059,385.75K,3.73%,,,,,,,,,,,,,
16/05/2019,3.079,3.079,3.117,2.926,172.75K,-0.62%,,,,,,,,,,,,,
15/05/2019,3.098,3.136,3.155,2.868,598.13K,-1.82%,,,,,,,,,,,,,
14/05/2019,3.155,3.155,3.155,2.983,292.32K,1.23%,,,,,,,,,,,,,
13/05/2019,3.117,3.824,3.824,2.868,2.25M,-16.84%,,,,,,,,,,,,,
10/05/2019,3.748,4.245,4.283,3.729,1.02M,-10.91%,,,,,,,,,,,,,
9/05/2019,4.207,4.13,4.436,4.13,204.89K,-0.90%,,,,,,,,,,,,,
8/05/2019,4.245,3.824,4.436,3.786,877.13K,11.00%,,,,,,,,,,,,,
7/05/2019,3.824,3.824,3.901,3.748,267.42K,0.00%,,,,,,,,,,,,,
3/05/2019,3.824,4.283,4.36,3.729,753.78K,-13.04%,,,,,,,,,,,,,
2/05/2019,4.398,4.092,4.436,4.016,419.81K,3.60%,,,,,,,,,,,,,
30/04/2019,4.245,4.666,4.666,4.207,247.32K,-8.26%,,,,,,,,,,,,,
29/04/2019,4.627,4.627,4.627,4.398,101.28K,1.68%,,,,,,,,,,,,,
26/04/2019,4.551,4.742,4.742,4.551,282.66K,-4.03%,,,,,,,,,,,,,
25/04/2019,4.742,4.704,4.895,4.666,132.29K,-1.59%,,,,,,,,,,,,,
24/04/2019,4.819,4.933,4.933,4.666,174.61K,0.00%,,,,,,,,,,,,,
23/04/2019,4.819,5.048,5.048,4.78,576.02K,-5.26%,,,,,,,,,,,,,
22/04/2019,5.086,5.278,5.316,4.972,598.60K,-3.62%,,,,,,,,,,,,,
19/04/2019,5.278,5.354,5.354,5.201,389.42K,0.00%,,,,,,,,,,,,,
18/04/2019,5.278,5.278,5.43,5.278,590.07K,-2.13%,,,,,,,,,,,,,
17/04/2019,5.392,5.316,5.507,5.163,793.15K,4.44%,,,,,,,,,,,,,
12/04/2019,5.163,5.01,5.239,4.933,419.39K,2.27%,,,,,,,,,,,,,
11/04/2019,5.048,4.666,5.125,4.666,573.74K,3.94%,,,,,,,,,,,,,
10/04/2019,4.857,4.666,4.857,4.666,81.90K,-0.78%,,,,,,,,,,,,,
9/04/2019,4.895,5.01,5.01,4.589,197.35K,1.59%,,,,,,,,,,,,,
5/04/2019,4.819,4.895,5.086,4.819,138.54K,-4.55%,,,,,,,,,,,,,
4/04/2019,5.048,5.048,5.163,4.972,113.06K,-2.94%,,,,,,,,,,,,,
3/04/2019,5.201,5.163,5.278,4.972,126.60K,0.00%,,,,,,,,,,,,,
2/04/2019,5.201,5.239,5.278,5.125,191.40K,-1.45%,,,,,,,,,,,,,
1/04/2019,5.278,5.239,5.278,5.01,228.14K,2.99%,,,,,,,,,,,,,
29/03/2019,5.125,4.857,5.316,4.589,426.88K,8.06%,,,,,,,,,,,,,
28/03/2019,4.742,4.589,4.742,4.589,235.64K,5.08%,,,,,,,,,,,,,
27/03/2019,4.513,4.513,4.551,4.436,25.73K,-1.67%,,,,,,,,,,,,,
26/03/2019,4.589,4.627,4.627,4.513,22.84K,0.00%,,,,,,,,,,,,,
25/03/2019,4.589,4.36,4.589,4.36,112.39K,0.84%,,,,,,,,,,,,,
22/03/2019,4.551,4.513,4.551,4.398,209.33K,-0.83%,,,,,,,,,,,,,
21/03/2019,4.589,4.589,4.589,4.513,206.85K,0.00%,,,,,,,,,,,,,
20/03/2019,4.589,4.436,4.589,4.436,71.62K,0.00%,,,,,,,,,,,,,
19/03/2019,4.589,4.474,4.627,4.474,88.31K,-0.83%,,,,,,,,,,,,,
18/03/2019,4.627,4.666,4.666,4.474,540.26K,-3.20%,,,,,,,,,,,,,
15/03/2019,4.78,4.436,4.78,4.36,332.22K,5.04%,,,,,,,,,,,,,
14/03/2019,4.551,4.78,4.972,4.398,925.49K,-8.46%,,,,,,,,,,,,,
13/03/2019,4.972,4.972,5.01,4.168,2.34M,0.00%,,,,,,,,,,,,,
12/03/2019,4.972,5.163,5.201,4.895,741.48K,-5.11%,,,,,,,,,,,,,
11/03/2019,5.239,5.43,5.507,5.239,297.44K,-5.52%,,,,,,,,,,,,,
8/03/2019,5.545,5.622,5.66,5.43,562.53K,0.00%,,,,,,,,,,,,,
7/03/2019,5.545,5.392,5.545,5.354,240.34K,1.40%,,,,,,,,,,,,,
6/03/2019,5.469,5.239,5.583,5.239,587.95K,2.14%,,,,,,,,,,,,,
5/03/2019,5.354,4.972,5.43,4.972,496.44K,4.48%,,,,,,,,,,,,,
4/03/2019,5.125,4.819,5.469,4.819,1.12M,-5.63%,,,,,,,,,,,,,
1/03/2019,5.43,5.545,5.545,3.901,4.04M,-2.07%,,,,,,,,,,,,,
28/02/2019,5.545,5.698,5.698,5.507,708.67K,-2.68%,,,,,,,,,,,,,
27/02/2019,5.698,5.736,5.736,5.545,1.33M,-0.67%,,,,,,,,,,,,,
26/02/2019,5.736,5.775,5.775,5.698,660.71K,-0.66%,,,,,,,,,,,,,
25/02/2019,5.775,5.775,5.775,5.698,373.25K,0.00%,,,,,,,,,,,,,
22/02/2019,5.775,5.622,5.775,5.583,600.67K,2.72%,,,,,,,,,,,,,
21/02/2019,5.622,5.622,5.775,5.622,634.46K,-2.00%,,,,,,,,,,,,,
20/02/2019,5.736,5.889,5.889,5.66,840.18K,-2.60%,,,,,,,,,,,,,
18/02/2019,5.889,5.775,5.928,5.66,676.37K,2.67%,,,,,,,,,,,,,
15/02/2019,5.736,5.813,5.813,5.622,734.76K,-1.32%,,,,,,,,,,,,,
14/02/2019,5.813,5.889,5.928,5.813,463.83K,-1.94%,,,,,,,,,,,,,
13/02/2019,5.928,5.813,6.119,5.813,2.58M,1.97%,,,,,,,,,,,,,
12/02/2019,5.813,5.813,5.889,5.775,746.85K,0.66%,,,,,,,,,,,,,
11/02/2019,5.775,5.889,5.889,5.736,569.51K,-1.95%,,,,,,,,,,,,,
8/02/2019,5.889,5.851,6.004,5.736,1.46M,0.65%,,,,,,,,,,,,,
7/02/2019,5.851,6.081,6.081,5.736,1.11M,-3.16%,,,,,,,,,,,,,
6/02/2019,6.042,5.889,6.272,5.889,4.70M,2.60%,,,,,,,,,,,,,
5/02/2019,5.889,5.813,5.889,5.736,1.31M,1.32%,,,,,,,,,,,,,
4/02/2019,5.813,5.851,6.004,5.813,2.03M,0.00%,,,,,,,,,,,,,
1/02/2019,5.813,5.698,5.813,5.583,1.59M,2.70%,,,,,,,,,,,,,
31/01/2019,5.66,5.851,5.851,5.66,927.30K,-2.63%,,,,,,,,,,,,,
30/01/2019,5.813,5.775,5.966,5.66,2.25M,-1.30%,,,,,,,,,,,,,
29/01/2019,5.889,5.239,5.928,5.163,5.16M,14.07%,,,,,,,,,,,,,
28/01/2019,5.163,5.239,5.469,4.933,3.85M,-6.25%,,,,,,,,,,,,,
25/01/2019,5.507,5.583,5.66,5.354,3.22M,-2.04%,,,,,,,,,,,,,
24/01/2019,5.622,5.698,5.851,5.622,6.08M,0.00%,,,,,,,,,,,,,
23/01/2019,5.622,5.736,5.889,5.545,10.71M,-2.65%,,,,,,,,,,,,,
22/01/2019,5.775,6.042,6.157,5.698,16.25M,-3.82%,,,,,,,,,,,,,
21/01/2019,6.004,5.622,6.578,5.583,44.64M,6.80%,,,,,,,,,,,,,
18/01/2019,5.622,5.316,5.775,5.201,20.51M,7.30%,,,,,,,,,,,,,
17/01/2019,5.239,4.627,5.66,4.627,32.11M,13.22%,,,,,,,,,,,,,
16/01/2019,4.627,4.627,4.704,4.551,1.29M,0.00%,,,,,,,,,,,,,
15/01/2019,4.627,4.589,4.704,4.551,2.18M,0.00%,,,,,,,,,,,,,
14/01/2019,4.627,4.551,4.742,4.474,3.20M,2.54%,,,,,,,,,,,,,
11/01/2019,4.513,4.666,4.666,4.36,6.26M,-1.67%,,,,,,,,,,,,,
10/01/2019,4.589,4.398,4.78,4.398,10.53M,5.26%,,,,,,,,,,,,,
9/01/2019,4.36,4.666,4.666,4.321,2.57M,-5.00%,,,,,,,,,,,,,
8/01/2019,4.589,5.086,5.086,4.551,6.68M,-10.45%,,,,,,,,,,,,,
7/01/2019,5.125,5.125,5.201,4.933,9.42M,1.52%,,,,,,,,,,,,,
4/01/2019,5.048,4.551,5.086,4.513,30.46M,10.92%,,,,,,,,,,,,,
3/01/2019,4.551,4.168,4.627,3.824,17.03M,8.18%,,,,,,,,,,,,,
2/01/2019,4.207,5.163,5.201,3.805,13.66M,-15.38%,,,,,,,,,,,,,
